esperimento,crop,matcher,preprocess,morph_open,morph_close,codici,modello,degrado,rot_deg,scala,tx,ty,prospettiva,ratio,loftr_conf,loftr_max_lato,ransac_thresh,seed,n_kp_a,n_kp_b,n_matches,n_inliers,inlier_ratio,rmse_px,rmse_m,err_max_px,success_stima,success,motivo,t_init_ms,t_match_ms,t_stima_ms
E1,tassarole,sift,none,0,0,,homography,0.0,15,1.15,30,20,0.0,0.75,,,3.0,42,3984,3207,2002,1891,0.944555,0.126118323619268,0.0320911857998936,0.1934736995880902,True,True,,,415.2,5.8
E1,tassarole,sift,none,0,0,,homography,0.25,15,1.15,30,20,0.0,0.75,,,3.0,42,3984,2905,1539,1402,0.910981,0.13045521479285468,0.03319472076968625,0.20119606869476056,True,True,,,411.2,1.0
E1,tassarole,sift,none,0,0,,homography,0.5,15,1.15,30,20,0.0,0.75,,,3.0,42,3984,2484,960,745,0.776042,0.21863815118965,0.05563313348466001,0.5014419687230277,True,True,,,381.0,0.8
E1,tassarole,sift,none,0,0,,homography,0.75,15,1.15,30,20,0.0,0.75,,,3.0,42,3984,1526,487,358,0.735113,0.2241469288309243,0.05703485848181518,0.5793079636021441,True,True,,,367.9,1.0
E1,tassarole,sift,none,0,0,,homography,1.0,15,1.15,30,20,0.0,0.75,,,3.0,42,3984,666,525,140,0.266667,0.2521181423809209,0.06415221768325247,0.6441451244745895,True,True,,,383.3,26.2
E1,tassarole,sift,none,0,0,,homography,1.1,15,1.15,30,20,0.0,0.75,,,3.0,42,3984,607,295,83,0.281356,0.4337319190221683,0.11036438799094778,0.8441119859010605,True,True,,,378.7,21.2
E1,tassarole,sift,none,0,0,,homography,1.2,15,1.15,30,20,0.0,0.75,,,3.0,42,3984,571,277,113,0.407942,554.3213086888189,141.04871995979605,1025.646209742671,True,False,,,364.3,27.7
E1,tassarole,sift,none,0,0,,homography,1.3,15,1.15,30,20,0.0,0.75,,,3.0,42,3984,664,42,22,0.52381,0.9690707736112879,0.24658296555771303,2.806706183783354,True,True,,,349.0,1.9
E1,tassarole,sift,none,0,0,,homography,1.4,15,1.15,30,20,0.0,0.75,,,3.0,42,3984,824,21,11,0.52381,2.0485864994468406,0.5212689805437469,5.532618763306531,True,False,,,372.9,2.6
E1,tassarole,sift,none,0,0,,homography,1.5,15,1.15,30,20,0.0,0.75,,,,42,3984,872,5,0,0.0,,,,False,False,RANSAC non ha trovato un modello,,390.4,1.1
E1,tassarole,sift,none,0,0,,homography,0.0,0,1.0,0.0,0.0,0.0,0.75,,,3.0,42,3984,3984,3984,3984,1.0,1.722500830377594e-12,4.3829550379206986e-13,5.2345351074206236e-12,True,True,,,426.1,1.2
E1,tassarole,sift,none,0,0,,homography,0.0,5,1.0,0.0,0.0,0.0,0.75,,,3.0,42,3984,3488,2219,2148,0.968004,0.032828728427622786,0.0083533684345939,0.07748075688479333,True,True,,,458.4,3.0
E1,tassarole,sift,none,0,0,,homography,0.0,15,1.0,0.0,0.0,0.0,0.75,,,3.0,42,3984,3548,2169,2066,0.952513,0.10837872400655667,0.02757729145964036,0.21847352282271887,True,True,,,469.7,3.0
E1,tassarole,sift,none,0,0,,homography,0.0,30,1.0,0.0,0.0,0.0,0.75,,,3.0,42,3984,3258,2228,2132,0.956912,0.19206868662380563,0.04887245351748721,0.27666832116227497,True,True,,,424.4,2.7
E1,tassarole,sift,none,0,0,,homography,0.0,45,1.0,0.0,0.0,0.0,0.75,,,3.0,42,3984,3064,2002,1907,0.952547,0.26921302809681724,0.06850206263831943,0.31276439060794037,True,True,,,423.2,1.8
E1,tassarole,sift,none,0,0,,homography,0.0,90,1.0,0.0,0.0,0.0,0.75,,,3.0,42,3984,3968,3784,3777,0.99815,0.49861587453476813,0.12687430512299536,0.5044446235714087,True,True,,,434.1,1.8
E1,tassarole,sift,clahe,0,0,,homography,0.0,15,1.15,30,20,0.0,0.75,,,3.0,42,4727,4101,2570,2466,0.959533,0.1173303305942238,0.029855054610692027,0.1391738363039425,True,True,,,406.0,2.2
E1,tassarole,sift,clahe,0,0,,homography,0.25,15,1.15,30,20,0.0,0.75,,,3.0,42,4727,3935,1883,1609,0.854488,0.16288069651611056,0.04144548187061388,0.438772533381309,True,True,,,406.3,1.6
E1,tassarole,sift,clahe,0,0,,homography,0.5,15,1.15,30,20,0.0,0.75,,,3.0,42,4727,4154,1081,964,0.891767,0.16533754318693655,0.04207063387654556,0.4565691151154662,True,True,,,403.4,1.1
E1,tassarole,sift,clahe,0,0,,homography,0.75,15,1.15,30,20,0.0,0.75,,,3.0,42,4727,4305,614,442,0.71987,0.5081786308021947,0.12930757714351085,1.6874437135191742,True,True,,,407.6,0.8
E1,tassarole,sift,clahe,0,0,,homography,1.0,15,1.15,30,20,0.0,0.75,,,3.0,42,4727,4019,417,255,0.611511,0.2503017880716367,0.06369004088019217,0.4529757556653865,True,True,,,423.4,1.2
E1,tassarole,sift,clahe,0,0,,homography,1.1,15,1.15,30,20,0.0,0.75,,,3.0,42,4727,3904,366,195,0.532787,1.3992417816047253,0.35604126905466715,3.7258440714365726,True,False,,,417.7,1.7
E1,tassarole,sift,clahe,0,0,,homography,1.2,15,1.15,30,20,0.0,0.75,,,3.0,42,4727,3716,430,150,0.348837,0.8454048723664582,0.21511580598826238,2.0835145994607784,True,True,,,413.6,10.4
E1,tassarole,sift,clahe,0,0,,homography,1.3,15,1.15,30,20,0.0,0.75,,,3.0,42,4727,3485,522,348,0.666667,537.6201658581717,136.79906406310937,976.2872644137923,True,False,,,405.6,2.2
E1,tassarole,sift,clahe,0,0,,homography,1.4,15,1.15,30,20,0.0,0.75,,,3.0,42,4727,3295,262,124,0.473282,548.4224802639403,139.5477453706004,1077.862726319216,True,False,,,388.1,2.7
E1,tassarole,sift,clahe,0,0,,homography,1.5,15,1.15,30,20,0.0,0.75,,,3.0,42,4727,3122,620,431,0.695161,535.7601425296392,136.32577554709428,975.5570586021552,True,False,,,382.9,11.8
E1,tassarole,sift,clahe,0,0,,homography,0.0,0,1.0,0.0,0.0,0.0,0.75,,,3.0,42,4727,4727,4727,4727,1.0,1.4283409533787243e-12,3.634456406100765e-13,4.472447456719465e-12,True,True,,,415.2,1.5
E1,tassarole,sift,clahe,0,0,,homography,0.0,5,1.0,0.0,0.0,0.0,0.75,,,3.0,42,4727,4383,2967,2895,0.975733,0.035315564574962995,0.008986151352793058,0.05378057904692098,True,True,,,421.3,3.0
E1,tassarole,sift,clahe,0,0,,homography,0.0,15,1.0,0.0,0.0,0.0,0.75,,,3.0,42,4727,4250,2814,2698,0.958778,0.09736962740878605,0.024775993803047836,0.13879492041044125,True,True,,,427.6,2.1
E1,tassarole,sift,clahe,0,0,,homography,0.0,30,1.0,0.0,0.0,0.0,0.75,,,3.0,42,4727,4080,2782,2707,0.973041,0.18947530063833737,0.048212558673326855,0.2054533425804256,True,True,,,410.9,1.5
E1,tassarole,sift,clahe,0,0,,homography,0.0,45,1.0,0.0,0.0,0.0,0.75,,,3.0,42,4727,3816,2580,2502,0.969767,0.2766690882785709,0.0703992795197472,0.3070410212742452,True,True,,,399.5,1.2
E1,tassarole,sift,clahe,0,0,,homography,0.0,90,1.0,0.0,0.0,0.0,0.75,,,3.0,42,4727,4739,4234,4215,0.995513,0.5014379253693622,0.1275923844240103,0.5070745825874321,True,True,,,434.3,1.9
E1,tassarole,sift,sauvola,0,0,,homography,0.0,15,1.15,30,20,0.0,0.75,,,3.0,42,3160,2885,854,702,0.822014,0.16748490359089174,0.04261703617341318,0.37972811135654283,True,True,,,429.9,1.0
E1,tassarole,sift,sauvola,0,0,,homography,0.25,15,1.15,30,20,0.0,0.75,,,3.0,42,3160,2972,779,618,0.793325,0.15180963095222164,0.03862841602468565,0.3281213999687844,True,True,,,403.1,1.0
E1,tassarole,sift,sauvola,0,0,,homography,0.5,15,1.15,30,20,0.0,0.75,,,3.0,42,3160,2942,531,326,0.613936,0.9266562609608237,0.23579046557026445,3.046615910525658,True,True,,,361.3,1.3
E1,tassarole,sift,sauvola,0,0,,homography,0.75,15,1.15,30,20,0.0,0.75,,,3.0,42,3160,1784,292,170,0.582192,0.2554449846337548,0.06499874267501281,0.664758059023168,True,True,,,343.5,1.7
E1,tassarole,sift,sauvola,0,0,,homography,1.0,15,1.15,30,20,0.0,0.75,,,3.0,42,3160,5928,162,90,0.555556,0.3677361909851192,0.09357157700473653,0.7151463741764064,True,True,,,414.3,2.3
E1,tassarole,sift,sauvola,0,0,,homography,1.1,15,1.15,30,20,0.0,0.75,,,3.0,42,3160,14419,197,65,0.329949,0.4428199348436068,0.11267686088076027,0.9262484254959237,True,True,,,520.2,10.1
E1,tassarole,sift,sauvola,0,0,,homography,1.2,15,1.15,30,20,0.0,0.75,,,3.0,42,3160,18272,311,170,0.546624,587.5326681977566,149.49945002092375,1087.004834095924,True,False,,,562.7,3.4
E1,tassarole,sift,sauvola,0,0,,homography,1.3,15,1.15,30,20,0.0,0.75,,,3.0,42,3160,19518,43,19,0.44186,1.426500344199602,0.3629772920826213,3.775078081822708,True,False,,,572.7,4.2
E1,tassarole,sift,sauvola,0,0,,homography,1.4,15,1.15,30,20,0.0,0.75,,,3.0,42,3160,19251,20,6,0.3,3313.1098504828974,843.0307407849247,25843.515136260983,True,False,,,580.2,14.8
E1,tassarole,sift,sauvola,0,0,,homography,1.5,15,1.15,30,20,0.0,0.75,,,,42,3160,18195,1,0,0.0,,,,False,False,"solo 1 corrispondenze, ne servono almeno 4",,561.1,0.0
E1,tassarole,sift,sauvola,0,0,,homography,0.0,0,1.0,0.0,0.0,0.0,0.75,,,3.0,42,3160,3160,3147,3147,1.0,2.3942187431374527e-12,6.092161418475543e-13,7.0789814801632346e-12,True,True,,,375.5,1.4
E1,tassarole,sift,sauvola,0,0,,homography,0.0,5,1.0,0.0,0.0,0.0,0.75,,,3.0,42,3160,2846,993,784,0.789527,0.10565632783593927,0.026884569586838252,0.29193920042515153,True,True,,,380.2,1.1
E1,tassarole,sift,sauvola,0,0,,homography,0.0,15,1.0,0.0,0.0,0.0,0.75,,,3.0,42,3160,2900,954,778,0.815514,0.15291534548295155,0.03890976840417347,0.4253704677588811,True,True,,,380.6,1.1
E1,tassarole,sift,sauvola,0,0,,homography,0.0,30,1.0,0.0,0.0,0.0,0.75,,,3.0,42,3160,2694,884,683,0.772624,0.19242836732821017,0.04896397535176506,0.29859383064306105,True,True,,,368.5,0.8
E1,tassarole,sift,sauvola,0,0,,homography,0.0,45,1.0,0.0,0.0,0.0,0.75,,,3.0,42,3160,2647,863,678,0.785632,0.26430827758577646,0.06725403415653357,0.34773270279449203,True,True,,,360.2,0.8
E1,tassarole,sift,sauvola,0,0,,homography,0.0,90,1.0,0.0,0.0,0.0,0.75,,,3.0,42,3160,3130,2952,2932,0.993225,0.5024040173771125,0.1278382094336584,0.5082674028914994,True,True,,,375.2,1.2
E1,tassarole,orb,none,0,0,,homography,0.0,15,1.15,30,20,0.0,,,,3.0,42,5000,5000,2923,2166,0.74102,1.3964519670851017,0.3553313923807054,4.869964963973813,True,False,,,1044.5,1.6
E1,tassarole,orb,none,0,0,,homography,0.25,15,1.15,30,20,0.0,,,,3.0,42,5000,5000,2915,2542,0.872041,0.3229733037937427,0.08218152607022922,0.8401747650936685,True,True,,,121.6,1.8
E1,tassarole,orb,none,0,0,,homography,0.5,15,1.15,30,20,0.0,,,,3.0,42,5000,5000,2716,2145,0.789764,0.6127293700010974,0.15591082638488923,1.412368263623992,True,True,,,116.1,1.5
E1,tassarole,orb,none,0,0,,homography,0.75,15,1.15,30,20,0.0,,,,3.0,42,5000,4743,2221,1496,0.67357,1.4152530947477209,0.3601153957178418,4.474056128755125,True,False,,,116.3,1.5
E1,tassarole,orb,none,0,0,,homography,1.0,15,1.15,30,20,0.0,,,,3.0,42,5000,3868,1391,747,0.537024,1.0946785115765547,0.27854423130618905,3.4971973945604784,True,False,,,99.7,2.3
E1,tassarole,orb,none,0,0,,homography,1.1,15,1.15,30,20,0.0,,,,3.0,42,5000,3620,1110,499,0.44955,0.7268101263610671,0.1849390170829526,2.1107510684244213,True,True,,,95.4,6.0
E1,tassarole,orb,none,0,0,,homography,1.2,15,1.15,30,20,0.0,,,,3.0,42,5000,3424,956,324,0.338912,0.9988396124408652,0.2541577359044154,2.7009698251086127,True,True,,,97.6,10.5
E1,tassarole,orb,none,0,0,,homography,1.3,15,1.15,30,20,0.0,,,,3.0,42,5000,3279,784,177,0.225765,0.8914918362291518,0.22684277220401636,2.868100412785691,True,True,,,94.2,48.9
E1,tassarole,orb,none,0,0,,homography,1.4,15,1.15,30,20,0.0,,,,3.0,42,5000,3253,673,82,0.121842,2.220809030322828,0.5650915201927345,6.6677747511961645,True,False,,,92.7,122.1
E1,tassarole,orb,none,0,0,,homography,1.5,15,1.15,30,20,0.0,,,,3.0,42,5000,3351,691,11,0.015919,98.53471701745303,25.072454349241976,183.14906185971572,True,False,,,97.3,122.9
E1,tassarole,orb,none,0,0,,homography,0.0,0,1.0,0.0,0.0,0.0,,,,3.0,42,5000,5000,5000,5000,1.0,5.521725388644208e-12,1.4050195903166847e-12,1.644101926724265e-11,True,True,,,120.8,1.3
E1,tassarole,orb,none,0,0,,homography,0.0,5,1.0,0.0,0.0,0.0,,,,3.0,42,5000,5000,3710,3522,0.949326,0.1483040288489532,0.03773640505270268,0.46860069575853597,True,True,,,120.2,2.2
E1,tassarole,orb,none,0,0,,homography,0.0,15,1.0,0.0,0.0,0.0,,,,3.0,42,5000,5000,3540,2734,0.772316,1.0556539818283985,0.26861432263818147,3.1611209610092006,True,False,,,162.3,1.9
E1,tassarole,orb,none,0,0,,homography,0.0,30,1.0,0.0,0.0,0.0,,,,3.0,42,5000,5000,3505,2903,0.828245,0.6429929287393721,0.16361147969651943,1.7357531180909969,True,True,,,118.8,1.9
E1,tassarole,orb,none,0,0,,homography,0.0,45,1.0,0.0,0.0,0.0,,,,3.0,42,5000,5000,3496,2982,0.852975,0.45233389225490495,0.11509771588593733,1.287949014088053,True,True,,,119.9,1.5
E1,tassarole,orb,none,0,0,,homography,0.0,90,1.0,0.0,0.0,0.0,,,,3.0,42,5000,5000,4164,3884,0.932757,0.4089886650104407,0.10406839277790166,0.6388189190000144,True,True,,,122.7,2.8
E1,tassarole,orb,clahe,0,0,,homography,0.0,15,1.15,30,20,0.0,,,,3.0,42,5000,5000,2932,2323,0.792292,0.9385978962673995,0.2388290504989286,2.978851565228343,True,True,,,126.9,1.9
E1,tassarole,orb,clahe,0,0,,homography,0.25,15,1.15,30,20,0.0,,,,3.0,42,5000,5000,2816,2380,0.84517,0.5198234126793521,0.13227062682649915,1.3579519826805175,True,True,,,132.0,1.8
E1,tassarole,orb,clahe,0,0,,homography,0.5,15,1.15,30,20,0.0,,,,3.0,42,5000,5000,2511,1851,0.737157,1.0665393306231774,0.27138413229505937,3.309366948702594,True,False,,,141.8,1.6
E1,tassarole,orb,clahe,0,0,,homography,0.75,15,1.15,30,20,0.0,,,,3.0,42,5000,5000,2099,1147,0.546451,3.2261544767042274,0.8209046850608207,9.821419230157113,True,False,,,140.2,2.2
E1,tassarole,orb,clahe,0,0,,homography,1.0,15,1.15,30,20,0.0,,,,3.0,42,5000,5000,1630,712,0.43681,3.484828006019924,0.8867249406157877,11.847891586422639,True,False,,,136.6,4.2
E1,tassarole,orb,clahe,0,0,,homography,1.1,15,1.15,30,20,0.0,,,,3.0,42,5000,5000,1503,570,0.379242,2.9438521455176057,0.7490720099833913,9.520526705353232,True,False,,,141.6,6.8
E1,tassarole,orb,clahe,0,0,,homography,1.2,15,1.15,30,20,0.0,,,,3.0,42,5000,5000,1339,480,0.358476,1.872719999826221,0.47651922211578135,4.981610526476767,True,False,,,138.1,8.6
E1,tassarole,orb,clahe,0,0,,homography,1.3,15,1.15,30,20,0.0,,,,3.0,42,5000,4973,1220,312,0.255738,2.735413783425133,0.6960342434338753,7.1025829154749305,True,False,,,143.5,40.4
E1,tassarole,orb,clahe,0,0,,homography,1.4,15,1.15,30,20,0.0,,,,3.0,42,5000,4932,1103,237,0.214869,0.9472436687295829,0.24102899323924853,3.3550311164393563,True,True,,,156.6,84.9
E1,tassarole,orb,clahe,0,0,,homography,1.5,15,1.15,30,20,0.0,,,,3.0,42,5000,4885,979,112,0.114402,3.658592399132977,0.9309398117365834,9.373998424414717,True,False,,,141.5,125.9
E1,tassarole,orb,clahe,0,0,,homography,0.0,0,1.0,0.0,0.0,0.0,,,,3.0,42,5000,5000,5000,5000,1.0,1.5839871848414389e-12,4.030502911444586e-13,4.90931556843805e-12,True,True,,,130.2,1.7
E1,tassarole,orb,clahe,0,0,,homography,0.0,5,1.0,0.0,0.0,0.0,,,,3.0,42,5000,5000,3706,2843,0.767134,1.0998828793760207,0.2798684983058666,3.3550979781092,True,False,,,124.0,2.0
E1,tassarole,orb,clahe,0,0,,homography,0.0,15,1.0,0.0,0.0,0.0,,,,3.0,42,5000,5000,3501,3310,0.945444,0.2335194061891317,0.059419713463043124,0.7199098995882222,True,True,,,123.7,2.2
E1,tassarole,orb,clahe,0,0,,homography,0.0,30,1.0,0.0,0.0,0.0,,,,3.0,42,5000,5000,3452,2969,0.860081,0.44404497306733304,0.11298857553190209,1.1967388203508378,True,True,,,123.4,1.5
E1,tassarole,orb,clahe,0,0,,homography,0.0,45,1.0,0.0,0.0,0.0,,,,3.0,42,5000,5000,3432,3030,0.882867,0.3686944986913362,0.09381542127550656,1.1831651759839985,True,True,,,122.5,1.8
E1,tassarole,orb,clahe,0,0,,homography,0.0,90,1.0,0.0,0.0,0.0,,,,3.0,42,5000,5000,4200,4070,0.969048,0.5049819145771771,0.12849416310990644,0.6917227031314921,True,True,,,123.4,2.2
E1,tassarole,orb,sauvola,0,0,,homography,0.0,15,1.15,30,20,0.0,,,,3.0,42,4296,4388,2080,1461,0.702404,1.0288886019203767,0.2618037914244456,3.049709829972311,True,False,,,97.5,1.3
E1,tassarole,orb,sauvola,0,0,,homography,0.25,15,1.15,30,20,0.0,,,,3.0,42,4296,4542,2097,1410,0.672389,1.0762863811823822,0.2738642985510007,3.2026158981893724,True,False,,,100.5,1.5
E1,tassarole,orb,sauvola,0,0,,homography,0.5,15,1.15,30,20,0.0,,,,3.0,42,4296,5000,1847,1258,0.681104,0.6107751507731825,0.1554135694396886,2.183744269792696,True,True,,,109.5,1.8
E1,tassarole,orb,sauvola,0,0,,homography,0.75,15,1.15,30,20,0.0,,,,3.0,42,4296,5000,1321,576,0.436033,1.2241095977900662,0.31147835948647573,3.705502397421472,True,False,,,113.1,6.3
E1,tassarole,orb,sauvola,0,0,,homography,1.0,15,1.15,30,20,0.0,,,,3.0,42,4296,5000,1158,340,0.29361,1.486088795554647,0.37813975229526653,4.04010432991275,True,False,,,140.1,19.0
E1,tassarole,orb,sauvola,0,0,,homography,1.1,15,1.15,30,20,0.0,,,,3.0,42,4296,5000,1217,286,0.235004,3.009983372800029,0.7658992991590857,10.281549972462312,True,False,,,150.0,59.6
E1,tassarole,orb,sauvola,0,0,,homography,1.2,15,1.15,30,20,0.0,,,,3.0,42,4296,5000,1118,172,0.153846,2.592960892593931,0.6597866780032035,5.836380284622756,True,False,,,156.5,142.6
E1,tassarole,orb,sauvola,0,0,,homography,1.3,15,1.15,30,20,0.0,,,,3.0,42,4296,5001,1090,131,0.120183,1.8409335581480695,0.4684310666714507,3.7067152248734403,True,False,,,191.1,143.9
E1,tassarole,orb,sauvola,0,0,,homography,1.4,15,1.15,30,20,0.0,,,,3.0,42,4296,5000,1072,35,0.032649,20.70896474817475,5.269458207067309,57.504724048520224,True,False,,,169.9,156.8
E1,tassarole,orb,sauvola,0,0,,homography,1.5,15,1.15,30,20,0.0,,,,3.0,42,4296,5001,1051,19,0.018078,331.68763042337383,84.39891262411874,991.80605524697,True,False,,,155.3,152.1
E1,tassarole,orb,sauvola,0,0,,homography,0.0,0,1.0,0.0,0.0,0.0,,,,3.0,42,4296,4296,4296,4296,1.0,1.739147368574784e-12,4.4253126537595947e-13,5.0758071783001905e-12,True,True,,,125.8,2.1
E1,tassarole,orb,sauvola,0,0,,homography,0.0,5,1.0,0.0,0.0,0.0,,,,3.0,42,4296,4294,2596,2096,0.807396,0.5493811376960144,0.13979167863016395,1.741879894462856,True,True,,,104.3,2.4
E1,tassarole,orb,sauvola,0,0,,homography,0.0,15,1.0,0.0,0.0,0.0,,,,3.0,42,4296,4279,2470,1790,0.724696,1.1410015932166993,0.29033127839876877,3.2600834948336743,True,False,,,106.7,2.0
E1,tassarole,orb,sauvola,0,0,,homography,0.0,30,1.0,0.0,0.0,0.0,,,,3.0,42,4296,4269,2404,1647,0.685108,1.3717400558851758,0.3490433724401506,4.603281106992797,True,False,,,122.0,1.8
E1,tassarole,orb,sauvola,0,0,,homography,0.0,45,1.0,0.0,0.0,0.0,,,,3.0,42,4296,4202,2344,1772,0.755973,0.55850925802173,0.14211435623140325,1.7001317794290949,True,True,,,114.5,1.7
E1,tassarole,orb,sauvola,0,0,,homography,0.0,90,1.0,0.0,0.0,0.0,,,,3.0,42,4296,4296,3199,2641,0.82557,0.6914437347612875,0.17593993264121388,1.4360465274831589,True,True,,,123.8,2.2
E1,cannei,sift,none,0,0,,homography,0.0,15,1.15,30,20,0.0,0.75,,,3.0,42,6151,4465,2469,2273,0.920616,0.11109916860257195,0.02826951674843024,0.12030093254605538,True,True,,,500.8,1.5
E1,cannei,sift,none,0,0,,homography,0.25,15,1.15,30,20,0.0,0.75,,,3.0,42,6151,3910,1960,1706,0.870408,0.11801065488984247,0.030028165168685086,0.15818004084604995,True,True,,,459.5,1.3
E1,cannei,sift,none,0,0,,homography,0.5,15,1.15,30,20,0.0,0.75,,,3.0,42,6151,3221,1108,741,0.668773,0.10598365820271306,0.026967859780654944,0.13849013640400623,True,True,,,455.3,1.6
E1,cannei,sift,none,0,0,,homography,0.75,15,1.15,30,20,0.0,0.75,,,3.0,42,6151,2101,771,348,0.451362,0.1835327808709232,0.046700466690949016,0.2945350928111898,True,True,,,401.7,3.4
E1,cannei,sift,none,0,0,,homography,1.0,15,1.15,30,20,0.0,0.75,,,3.0,42,6151,805,237,115,0.485232,0.2969435333749675,0.0755581728978606,0.7231595630563946,True,True,,,373.6,2.4
E1,cannei,sift,none,0,0,,homography,1.1,15,1.15,30,20,0.0,0.75,,,3.0,42,6151,653,196,60,0.306122,0.6327295927769359,0.16099994307086965,1.7855206819465077,True,True,,,390.7,14.8
E1,cannei,sift,none,0,0,,homography,1.2,15,1.15,30,20,0.0,0.75,,,3.0,42,6151,647,123,32,0.260163,0.7036176216758194,0.17903761468827728,1.9528322070419366,True,True,,,376.1,26.9
E1,cannei,sift,none,0,0,,homography,1.3,15,1.15,30,20,0.0,0.75,,,3.0,42,6151,720,69,20,0.289855,0.9174151778351521,0.23343904424568795,2.315943643848345,True,True,,,377.0,17.8
E1,cannei,sift,none,0,0,,homography,1.4,15,1.15,30,20,0.0,0.75,,,3.0,42,6151,813,35,13,0.371429,681.547602629426,173.42183213186533,1225.3303656808928,True,False,,,369.7,7.7
E1,cannei,sift,none,0,0,,homography,1.5,15,1.15,30,20,0.0,0.75,,,3.0,42,6151,921,7,5,0.714286,624.0517524684606,158.79184057085718,3455.234730811777,True,False,,,364.4,0.4
E1,cannei,sift,none,0,0,,homography,0.0,0,1.0,0.0,0.0,0.0,0.75,,,3.0,42,6151,6151,6151,6151,1.0,2.3976264162866416e-13,6.100832345033848e-14,4.2927602711964753e-13,True,True,,,481.3,15.0
E1,cannei,sift,none,0,0,,homography,0.0,5,1.0,0.0,0.0,0.0,0.75,,,3.0,42,6151,5253,3055,2892,0.946645,0.026946463414567596,0.006856608455226968,0.03290211877003367,True,True,,,451.6,1.4
E1,cannei,sift,none,0,0,,homography,0.0,15,1.0,0.0,0.0,0.0,0.75,,,3.0,42,6151,5456,3006,2829,0.941118,0.09304261513134304,0.02367497254801563,0.10166990691538697,True,True,,,462.8,1.8
E1,cannei,sift,none,0,0,,homography,0.0,30,1.0,0.0,0.0,0.0,0.75,,,3.0,42,6151,4743,3101,2931,0.945179,0.18086592591348713,0.046021877446464535,0.18879989191995275,True,True,,,469.8,2.0
E1,cannei,sift,none,0,0,,homography,0.0,45,1.0,0.0,0.0,0.0,0.75,,,3.0,42,6151,4752,2805,2608,0.929768,0.27015191128123744,0.06874096428124471,0.29223139710838747,True,True,,,469.4,1.7
E1,cannei,sift,none,0,0,,homography,0.0,90,1.0,0.0,0.0,0.0,0.75,,,3.0,42,6151,6135,5869,5841,0.995229,0.5004817092057949,0.12734907235254214,0.5027041419908891,True,True,,,530.2,3.1
E1,cannei,sift,clahe,0,0,,homography,0.0,15,1.15,30,20,0.0,0.75,,,3.0,42,7201,5581,3251,3086,0.949246,0.11044138585298602,0.02810214195444985,0.14418078986419092,True,True,,,553.3,1.6
E1,cannei,sift,clahe,0,0,,homography,0.25,15,1.15,30,20,0.0,0.75,,,3.0,42,7201,5381,2311,2118,0.916486,0.14937593893248885,0.038009155789188585,0.26319731216791886,True,True,,,515.7,1.6
E1,cannei,sift,clahe,0,0,,homography,0.5,15,1.15,30,20,0.0,0.75,,,3.0,42,7201,5330,1215,999,0.822222,0.14100481981800825,0.03587909941715165,0.28751250504781833,True,True,,,507.8,0.9
E1,cannei,sift,clahe,0,0,,homography,0.75,15,1.15,30,20,0.0,0.75,,,3.0,42,7201,5488,720,460,0.638889,0.31333981220170987,0.07973025523416168,0.754232501256375,True,True,,,497.1,1.5
E1,cannei,sift,clahe,0,0,,homography,1.0,15,1.15,30,20,0.0,0.75,,,3.0,42,7201,5036,552,291,0.527174,0.3086132425900424,0.07852756541676406,0.5622280024981285,True,True,,,488.0,3.4
E1,cannei,sift,clahe,0,0,,homography,1.1,15,1.15,30,20,0.0,0.75,,,3.0,42,7201,4576,546,195,0.357143,0.4923709525037282,0.12528526597743114,1.5102106452452368,True,True,,,456.2,8.6
E1,cannei,sift,clahe,0,0,,homography,1.2,15,1.15,30,20,0.0,0.75,,,3.0,42,7201,4092,462,143,0.309524,0.6385235616807831,0.16247423584036028,2.189244680722281,True,True,,,437.8,14.1
E1,cannei,sift,clahe,0,0,,homography,1.3,15,1.15,30,20,0.0,0.75,,,3.0,42,7201,3767,262,101,0.385496,0.5163169483275902,0.1313783964528003,1.3822852837574224,True,True,,,438.9,8.5
E1,cannei,sift,clahe,0,0,,homography,1.4,15,1.15,30,20,0.0,0.75,,,3.0,42,7201,3433,312,159,0.509615,667.9542024276748,169.96295067032912,1215.3436269200001,True,False,,,442.9,6.8
E1,cannei,sift,clahe,0,0,,homography,1.5,15,1.15,30,20,0.0,0.75,,,3.0,42,7201,3237,690,202,0.292754,667.9392815804862,169.95915401599945,1215.8541652018137,True,False,,,447.7,46.7
E1,cannei,sift,clahe,0,0,,homography,0.0,0,1.0,0.0,0.0,0.0,0.75,,,3.0,42,7201,7201,7201,7201,1.0,8.818090134787223e-13,2.243789489067013e-13,2.1492244099187903e-12,True,True,,,543.4,4.5
E1,cannei,sift,clahe,0,0,,homography,0.0,5,1.0,0.0,0.0,0.0,0.75,,,3.0,42,7201,6735,4330,4231,0.977136,0.026890965898575998,0.0068424869457903575,0.046200365980998054,True,True,,,533.9,2.0
E1,cannei,sift,clahe,0,0,,homography,0.0,15,1.0,0.0,0.0,0.0,0.75,,,3.0,42,7201,6526,4006,3896,0.972541,0.0950984856012366,0.024198094956691455,0.10100082677649837,True,True,,,508.8,1.6
E1,cannei,sift,clahe,0,0,,homography,0.0,30,1.0,0.0,0.0,0.0,0.75,,,3.0,42,7201,5984,3912,3793,0.969581,0.17844754420629874,0.04540651296592533,0.1948182164053561,True,True,,,527.9,1.8
E1,cannei,sift,clahe,0,0,,homography,0.0,45,1.0,0.0,0.0,0.0,0.75,,,3.0,42,7201,5889,3756,3579,0.952875,0.26892984358066857,0.06843000548863186,0.28303499036702534,True,True,,,486.5,2.0
E1,cannei,sift,clahe,0,0,,homography,0.0,90,1.0,0.0,0.0,0.0,0.75,,,3.0,42,7201,7181,6348,6321,0.995747,0.5006733899319642,0.12739784608835808,0.5053946658770799,True,True,,,540.6,8.2
E1,cannei,sift,sauvola,0,0,,homography,0.0,15,1.15,30,20,0.0,0.75,,,3.0,42,4620,3732,974,684,0.702259,0.11743638414327069,0.029882040254407657,0.19588287108242552,True,True,,,421.8,1.0
E1,cannei,sift,sauvola,0,0,,homography,0.25,15,1.15,30,20,0.0,0.75,,,3.0,42,4620,4042,933,624,0.66881,0.10077714531320232,0.02564304695638027,0.23776909805098692,True,True,,,415.4,1.1
E1,cannei,sift,sauvola,0,0,,homography,0.5,15,1.15,30,20,0.0,0.75,,,3.0,42,4620,4215,625,373,0.5968,0.1775892688264133,0.04518812222068734,0.34264495756235747,True,True,,,441.0,1.3
E1,cannei,sift,sauvola,0,0,,homography,0.75,15,1.15,30,20,0.0,0.75,,,3.0,42,4620,2512,459,207,0.45098,0.37479652060330815,0.09536809905707357,0.9098397464526183,True,True,,,431.1,4.5
E1,cannei,sift,sauvola,0,0,,homography,1.0,15,1.15,30,20,0.0,0.75,,,3.0,42,4620,6432,395,123,0.311392,683.1132841807805,173.82022449965214,1231.2576165202697,True,False,,,502.4,17.6
E1,cannei,sift,sauvola,0,0,,homography,1.1,15,1.15,30,20,0.0,0.75,,,3.0,42,4620,14216,129,64,0.496124,0.502090327884326,0.12775839020115037,1.1958983996326888,True,True,,,630.5,2.6
E1,cannei,sift,sauvola,0,0,,homography,1.2,15,1.15,30,20,0.0,0.75,,,3.0,42,4620,17764,82,27,0.329268,0.7930581185800324,0.20179601744704498,1.849497119678722,True,True,,,657.7,13.7
E1,cannei,sift,sauvola,0,0,,homography,1.3,15,1.15,30,20,0.0,0.75,,,3.0,42,4620,19071,45,14,0.311111,1.0157255225802881,0.258454406397122,1.9136871997904132,True,False,,,745.3,12.6
E1,cannei,sift,sauvola,0,0,,homography,1.4,15,1.15,30,20,0.0,0.75,,,3.0,42,4620,19034,12,6,0.5,10.487359462531458,2.668540077319517,32.10986099296648,True,False,,,655.3,2.7
E1,cannei,sift,sauvola,0,0,,homography,1.5,15,1.15,30,20,0.0,0.75,,,,42,4620,18008,5,0,0.0,,,,False,False,RANSAC non ha trovato un modello,,639.4,1.5
E1,cannei,sift,sauvola,0,0,,homography,0.0,0,1.0,0.0,0.0,0.0,0.75,,,3.0,42,4620,4620,4612,4612,1.0,1.0649554221135847e-12,2.7098110202306795e-13,2.728225040980874e-12,True,True,,,488.2,1.7
E1,cannei,sift,sauvola,0,0,,homography,0.0,5,1.0,0.0,0.0,0.0,0.75,,,3.0,42,4620,4475,1314,959,0.729833,0.0749986841662457,0.019083640182153715,0.14077001033884817,True,True,,,440.5,1.3
E1,cannei,sift,sauvola,0,0,,homography,0.0,15,1.0,0.0,0.0,0.0,0.75,,,3.0,42,4620,4231,1137,802,0.705365,0.0875204465485418,0.022269840185616105,0.15233400047789544,True,True,,,417.4,1.4
E1,cannei,sift,sauvola,0,0,,homography,0.0,30,1.0,0.0,0.0,0.0,0.75,,,3.0,42,4620,3903,1120,797,0.711607,0.19192120593044876,0.048834926612620476,0.2810362791141663,True,True,,,420.4,1.0
E1,cannei,sift,sauvola,0,0,,homography,0.0,45,1.0,0.0,0.0,0.0,0.75,,,3.0,42,4620,3959,1144,757,0.661713,0.26353316300583146,0.06705680392632282,0.4912676640283189,True,True,,,406.4,1.1
E1,cannei,sift,sauvola,0,0,,homography,0.0,90,1.0,0.0,0.0,0.0,0.75,,,3.0,42,4620,4616,4353,4333,0.995405,0.5002362108249615,0.1272866045530439,0.5031367223238796,True,True,,,417.6,2.1
E1,cannei,orb,none,0,0,,homography,0.0,15,1.15,30,20,0.0,,,,3.0,42,5000,5000,2643,2035,0.769958,0.48777647821243864,0.12411618821058965,1.3581220779686027,True,True,,,127.4,1.7
E1,cannei,orb,none,0,0,,homography,0.25,15,1.15,30,20,0.0,,,,3.0,42,5000,4971,2552,1952,0.76489,0.4486231937912491,0.1141535175297647,1.3833760553882324,True,True,,,128.4,1.6
E1,cannei,orb,none,0,0,,homography,0.5,15,1.15,30,20,0.0,,,,3.0,42,5000,4870,2368,1740,0.734797,0.47391844141925227,0.12058996917445299,1.7068360228494586,True,True,,,124.2,2.0
E1,cannei,orb,none,0,0,,homography,0.75,15,1.15,30,20,0.0,,,,3.0,42,5000,4499,1921,1224,0.637168,0.3916583042100458,0.09965863048115879,0.9303955001193867,True,True,,,116.8,1.4
E1,cannei,orb,none,0,0,,homography,1.0,15,1.15,30,20,0.0,,,,3.0,42,5000,3734,1280,496,0.3875,1.0930219475328504,0.2781227136155764,2.7541783753032143,True,False,,,100.4,7.5
E1,cannei,orb,none,0,0,,homography,1.1,15,1.15,30,20,0.0,,,,3.0,42,5000,3516,1066,325,0.304878,1.2712172717015044,0.3234650484362629,3.4835875075421883,True,False,,,105.5,16.0
E1,cannei,orb,none,0,0,,homography,1.2,15,1.15,30,20,0.0,,,,3.0,42,5000,3361,860,227,0.263953,0.6987490546786936,0.17779879321015762,1.6175821928791927,True,True,,,108.5,28.4
E1,cannei,orb,none,0,0,,homography,1.3,15,1.15,30,20,0.0,,,,3.0,42,5000,3256,744,86,0.115591,2.653691209690449,0.6752396893793637,6.434889268860818,True,False,,,97.9,121.5
E1,cannei,orb,none,0,0,,homography,1.4,15,1.15,30,20,0.0,,,,3.0,42,5000,3244,623,22,0.035313,5.727652662669678,1.4574184029742876,14.348568758017008,True,False,,,96.6,120.2
E1,cannei,orb,none,0,0,,homography,1.5,15,1.15,30,20,0.0,,,,3.0,42,5000,3346,625,7,0.0112,661.8289180335333,168.40435368038666,1165.4949200340684,True,False,,,95.8,122.6
E1,cannei,orb,none,0,0,,homography,0.0,0,1.0,0.0,0.0,0.0,,,,3.0,42,5000,5000,5000,5000,1.0,1.2808681356358254e-12,3.2592073971694265e-13,3.111211797905103e-12,True,True,,,125.3,1.5
E1,cannei,orb,none,0,0,,homography,0.0,5,1.0,0.0,0.0,0.0,,,,3.0,42,5000,5000,3684,2803,0.760858,0.40198455821498963,0.10228617679147875,1.3955916981762786,True,True,,,138.0,1.9
E1,cannei,orb,none,0,0,,homography,0.0,15,1.0,0.0,0.0,0.0,,,,3.0,42,5000,5000,3391,3023,0.891477,0.21682193492116708,0.05517099180649573,0.7782291864176234,True,True,,,124.6,1.7
E1,cannei,orb,none,0,0,,homography,0.0,30,1.0,0.0,0.0,0.0,,,,3.0,42,5000,5000,3269,2688,0.82227,0.37849984654814506,0.09631042145371514,1.0168309649812541,True,True,,,139.5,1.8
E1,cannei,orb,none,0,0,,homography,0.0,45,1.0,0.0,0.0,0.0,,,,3.0,42,5000,5000,3195,2952,0.923944,0.2476741052539777,0.06302141910419039,0.3178372388525198,True,True,,,126.0,1.6
E1,cannei,orb,none,0,0,,homography,0.0,90,1.0,0.0,0.0,0.0,,,,3.0,42,5000,5000,4182,3977,0.95098,0.4460560932160256,0.11350031108709735,0.5417162665479411,True,True,,,125.8,2.3
E1,cannei,orb,clahe,0,0,,homography,0.0,15,1.15,30,20,0.0,,,,3.0,42,5000,5000,2615,2137,0.817208,0.2743924551616679,0.06981998339325188,0.5891204584461065,True,True,,,133.7,1.3
E1,cannei,orb,clahe,0,0,,homography,0.25,15,1.15,30,20,0.0,,,,3.0,42,5000,5000,2566,1794,0.699143,0.3293174956977295,0.08379582473277436,0.7595838647196418,True,True,,,135.3,1.8
E1,cannei,orb,clahe,0,0,,homography,0.5,15,1.15,30,20,0.0,,,,3.0,42,5000,5000,2235,1690,0.756152,0.2809320128324455,0.07148399346125425,0.464677668476165,True,True,,,137.7,1.2
E1,cannei,orb,clahe,0,0,,homography,0.75,15,1.15,30,20,0.0,,,,3.0,42,5000,5000,1882,1185,0.629649,0.5501240427822045,0.13998071305806029,1.6474384664889021,True,True,,,152.5,2.6
E1,cannei,orb,clahe,0,0,,homography,1.0,15,1.15,30,20,0.0,,,,3.0,42,5000,5000,1509,639,0.423459,0.672343552692578,0.17107983401328453,1.2476889619292448,True,True,,,156.2,4.8
E1,cannei,orb,clahe,0,0,,homography,1.1,15,1.15,30,20,0.0,,,,3.0,42,5000,4994,1405,499,0.35516,1.4383750556670378,0.3659988480396448,4.611734693889061,True,False,,,149.7,9.9
E1,cannei,orb,clahe,0,0,,homography,1.2,15,1.15,30,20,0.0,,,,3.0,42,5000,4966,1248,379,0.303686,1.0125630097988256,0.2576496955323406,3.5127896080040735,True,False,,,145.2,17.2
E1,cannei,orb,clahe,0,0,,homography,1.3,15,1.15,30,20,0.0,,,,3.0,42,5000,4927,1135,265,0.23348,0.9593335036860754,0.24410528801343293,3.1580230525605653,True,True,,,140.1,46.3
E1,cannei,orb,clahe,0,0,,homography,1.4,15,1.15,30,20,0.0,,,,3.0,42,5000,4886,1035,155,0.149758,1.8376294088657572,0.4675903159741185,4.5213494892169805,True,False,,,151.2,128.3
E1,cannei,orb,clahe,0,0,,homography,1.5,15,1.15,30,20,0.0,,,,3.0,42,5000,4853,943,74,0.078473,4.503494809062782,1.145927764650452,13.937805050753363,True,False,,,148.9,125.5
E1,cannei,orb,clahe,0,0,,homography,0.0,0,1.0,0.0,0.0,0.0,,,,3.0,42,5000,5000,5000,5000,1.0,2.5403964784316487e-13,6.464115051263683e-14,4.687428401686771e-13,True,True,,,134.2,1.8
E1,cannei,orb,clahe,0,0,,homography,0.0,5,1.0,0.0,0.0,0.0,,,,3.0,42,5000,5000,3644,3364,0.923161,0.15451008952641876,0.03931555581026583,0.3265464672949712,True,True,,,151.2,2.0
E1,cannei,orb,clahe,0,0,,homography,0.0,15,1.0,0.0,0.0,0.0,,,,3.0,42,5000,5000,3369,2846,0.844761,0.22785845533038004,0.05797926753418119,0.5290141723141588,True,True,,,137.0,2.4
E1,cannei,orb,clahe,0,0,,homography,0.0,30,1.0,0.0,0.0,0.0,,,,3.0,42,5000,5000,3230,2892,0.895356,0.27103742041529205,0.06896628473693231,0.4427382681029879,True,True,,,137.8,1.9
E1,cannei,orb,clahe,0,0,,homography,0.0,45,1.0,0.0,0.0,0.0,,,,3.0,42,5000,5000,3172,2775,0.874842,0.3810897479539891,0.09696942963613638,0.7481905525121084,True,True,,,139.9,2.4
E1,cannei,orb,clahe,0,0,,homography,0.0,90,1.0,0.0,0.0,0.0,,,,3.0,42,5000,5000,4181,4079,0.975604,0.5140549632201238,0.13080282755625014,0.5781018430041017,True,True,,,129.0,2.3
E1,cannei,orb,sauvola,0,0,,homography,0.0,15,1.15,30,20,0.0,,,,3.0,42,4575,4601,1940,1194,0.615464,0.5184024621868961,0.13190906171084227,1.897354193514062,True,True,,,110.8,1.6
E1,cannei,orb,sauvola,0,0,,homography,0.25,15,1.15,30,20,0.0,,,,3.0,42,4575,4876,1879,1182,0.629058,0.37607484710803885,0.09569337307118181,0.8859186439454093,True,True,,,132.7,2.2
E1,cannei,orb,sauvola,0,0,,homography,0.5,15,1.15,30,20,0.0,,,,3.0,42,4575,5000,1693,927,0.547549,0.29189458192093976,0.07427345205352888,0.9206256948003781,True,True,,,127.2,2.1
E1,cannei,orb,sauvola,0,0,,homography,0.75,15,1.15,30,20,0.0,,,,3.0,42,4575,5000,1273,465,0.365279,0.7346470307914897,0.18693314092598692,1.6358937194151768,True,True,,,128.9,9.6
E1,cannei,orb,sauvola,0,0,,homography,1.0,15,1.15,30,20,0.0,,,,3.0,42,4575,5000,1158,240,0.207254,0.8774903455199377,0.22328005088858469,1.751382271538085,True,True,,,135.7,75.1
E1,cannei,orb,sauvola,0,0,,homography,1.1,15,1.15,30,20,0.0,,,,3.0,42,4575,5001,1149,200,0.174064,1.0966032711045253,0.27903399214235974,2.665267289020448,True,False,,,139.6,133.0
E1,cannei,orb,sauvola,0,0,,homography,1.2,15,1.15,30,20,0.0,,,,3.0,42,4575,5000,1017,115,0.113078,3.375633134544403,0.8589399779842268,10.49343560743397,True,False,,,146.8,153.1
E1,cannei,orb,sauvola,0,0,,homography,1.3,15,1.15,30,20,0.0,,,,3.0,42,4575,5001,1026,68,0.066277,3.0340319841179393,0.7720185404547619,9.131711237836948,True,False,,,162.5,125.6
E1,cannei,orb,sauvola,0,0,,homography,1.4,15,1.15,30,20,0.0,,,,3.0,42,4575,5000,989,12,0.012133,1763.7042067428733,448.77982651834435,10446.416550820051,True,False,,,147.6,127.5
E1,cannei,orb,sauvola,0,0,,homography,1.5,15,1.15,30,20,0.0,,,,3.0,42,4575,5000,962,6,0.006237,624.5657516603857,158.9226292072401,1130.7250424525844,True,False,,,143.2,125.9
E1,cannei,orb,sauvola,0,0,,homography,0.0,0,1.0,0.0,0.0,0.0,,,,3.0,42,4575,4575,4574,4574,1.0,9.99318428476269e-13,2.542795720810721e-13,2.3182429986724516e-12,True,True,,,117.4,1.6
E1,cannei,orb,sauvola,0,0,,homography,0.0,5,1.0,0.0,0.0,0.0,,,,3.0,42,4575,4524,2487,1703,0.684761,0.3703664813570552,0.09424086228074675,0.8550560759253742,True,True,,,114.2,1.4
E1,cannei,orb,sauvola,0,0,,homography,0.0,15,1.0,0.0,0.0,0.0,,,,3.0,42,4575,4528,2348,1807,0.769591,0.14514845788018332,0.03693346055298628,0.21422129754781205,True,True,,,115.8,1.3
E1,cannei,orb,sauvola,0,0,,homography,0.0,30,1.0,0.0,0.0,0.0,,,,3.0,42,4575,4450,2285,1553,0.67965,0.44001826418846396,0.11196396737754721,1.2043426541597075,True,True,,,115.9,1.5
E1,cannei,orb,sauvola,0,0,,homography,0.0,45,1.0,0.0,0.0,0.0,,,,3.0,42,4575,4458,2292,1494,0.651832,0.6685322691398562,0.1701100414794438,1.3578606176332202,True,True,,,107.8,1.7
E1,cannei,orb,sauvola,0,0,,homography,0.0,90,1.0,0.0,0.0,0.0,,,,3.0,42,4575,4576,3428,2907,0.848016,0.30434525159022663,0.07744156230288793,0.5914595230404389,True,True,,,112.2,1.6
E1,ribba,sift,none,0,0,,homography,0.0,15,1.15,30,20,0.0,0.75,,,3.0,42,6902,4476,2541,2302,0.905943,0.11893022803042966,0.030262153313026917,0.13439086671202022,True,True,,,452.3,1.3
E1,ribba,sift,none,0,0,,homography,0.25,15,1.15,30,20,0.0,0.75,,,3.0,42,6902,3940,1882,1590,0.844846,0.1245700276565879,0.031697217247301755,0.1412660378081748,True,True,,,435.7,1.2
E1,ribba,sift,none,0,0,,homography,0.5,15,1.15,30,20,0.0,0.75,,,3.0,42,6902,3118,1174,706,0.601363,0.18364465287767093,0.046728932858681994,0.2748508912293359,True,True,,,437.0,2.0
E1,ribba,sift,none,0,0,,homography,0.75,15,1.15,30,20,0.0,0.75,,,3.0,42,6902,1972,1018,350,0.343811,0.20230156830021084,0.05147624095869355,0.37413387708175605,True,True,,,386.5,9.9
E1,ribba,sift,none,0,0,,homography,1.0,15,1.15,30,20,0.0,0.75,,,3.0,42,6902,770,284,122,0.429577,0.4090060375227286,0.10407281326577086,0.634868669851475,True,True,,,362.1,3.6
E1,ribba,sift,none,0,0,,homography,1.1,15,1.15,30,20,0.0,0.75,,,3.0,42,6902,644,184,62,0.336957,0.2715681846571166,0.06910133929055728,0.6009972750161459,True,True,,,365.3,11.1
E1,ribba,sift,none,0,0,,homography,1.2,15,1.15,30,20,0.0,0.75,,,3.0,42,6902,628,90,35,0.388889,0.6117992469874599,0.15567415379370012,1.8532874879485974,True,True,,,358.8,5.2
E1,ribba,sift,none,0,0,,homography,1.3,15,1.15,30,20,0.0,0.75,,,3.0,42,6902,757,43,19,0.44186,0.7017317888727513,0.17855775887403819,1.7912897373028245,True,True,,,362.3,3.6
E1,ribba,sift,none,0,0,,homography,1.4,15,1.15,30,20,0.0,0.75,,,3.0,42,6902,810,18,7,0.388889,579.838897011777,147.54174686133769,1044.4910901930523,True,False,,,372.2,6.4
E1,ribba,sift,none,0,0,,homography,1.5,15,1.15,30,20,0.0,0.75,,,,42,6902,917,8,0,0.0,,,,False,False,RANSAC non ha trovato un modello,,377.7,0.8
E1,ribba,sift,none,0,0,,homography,0.0,0,1.0,0.0,0.0,0.0,0.75,,,3.0,42,6902,6902,6902,6902,1.0,1.7689688845414474e-12,4.501194395782249e-13,5.0242205027848215e-12,True,True,,,507.3,2.2
E1,ribba,sift,none,0,0,,homography,0.0,5,1.0,0.0,0.0,0.0,0.75,,,3.0,42,6902,5832,3499,3328,0.951129,0.032756685528752785,0.008335036902847731,0.03848172593294547,True,True,,,467.0,1.4
E1,ribba,sift,none,0,0,,homography,0.0,15,1.0,0.0,0.0,0.0,0.75,,,3.0,42,6902,5784,3181,3015,0.947815,0.09678058525972615,0.024626110261093095,0.10570954556303884,True,True,,,469.1,3.6
E1,ribba,sift,none,0,0,,homography,0.0,30,1.0,0.0,0.0,0.0,0.75,,,3.0,42,6902,4993,3299,3086,0.935435,0.1793840631245454,0.04564481301422995,0.18543087872857644,True,True,,,450.2,1.9
E1,ribba,sift,none,0,0,,homography,0.0,45,1.0,0.0,0.0,0.0,0.75,,,3.0,42,6902,4820,2932,2691,0.917804,0.27387405344766524,0.06968807452191876,0.28791659690069854,True,True,,,449.8,1.4
E1,ribba,sift,none,0,0,,homography,0.0,90,1.0,0.0,0.0,0.0,0.75,,,3.0,42,6902,6924,6565,6545,0.996954,0.49998593905736344,0.12722292215096329,0.5027926902124383,True,True,,,512.1,2.7
E1,ribba,sift,clahe,0,0,,homography,0.0,15,1.15,30,20,0.0,0.75,,,3.0,42,8279,6077,3598,3417,0.949694,0.12199469779365639,0.031041916837689247,0.15460736433450398,True,True,,,504.3,1.7
E1,ribba,sift,clahe,0,0,,homography,0.25,15,1.15,30,20,0.0,0.75,,,3.0,42,8279,5722,2455,2208,0.899389,0.1182397304480108,0.03008645413168769,0.14093716810038712,True,True,,,500.2,1.3
E1,ribba,sift,clahe,0,0,,homography,0.5,15,1.15,30,20,0.0,0.75,,,3.0,42,8279,5395,1213,960,0.791426,0.14679004881610555,0.0373511682914045,0.31825564130798023,True,True,,,505.1,0.9
E1,ribba,sift,clahe,0,0,,homography,0.75,15,1.15,30,20,0.0,0.75,,,3.0,42,8279,5565,724,507,0.700276,0.3182390175622737,0.08097687273577323,0.509824879813741,True,True,,,503.8,1.0
E1,ribba,sift,clahe,0,0,,homography,1.0,15,1.15,30,20,0.0,0.75,,,3.0,42,8279,4852,485,262,0.540206,0.7521891459974052,0.19139678476647773,2.2978793484949906,True,True,,,468.7,1.9
E1,ribba,sift,clahe,0,0,,homography,1.1,15,1.15,30,20,0.0,0.75,,,3.0,42,8279,4432,466,227,0.487124,0.8348980388009488,0.21244231066701783,1.7016727547775083,True,True,,,474.6,2.7
E1,ribba,sift,clahe,0,0,,homography,1.2,15,1.15,30,20,0.0,0.75,,,3.0,42,8279,4030,376,165,0.43883,0.927181793956682,0.23592418901765957,2.932116536220958,True,True,,,461.8,3.5
E1,ribba,sift,clahe,0,0,,homography,1.3,15,1.15,30,20,0.0,0.75,,,3.0,42,8279,3819,278,113,0.406475,0.7645816115616846,0.19455008480670533,1.9114960296760604,True,True,,,439.3,5.9
E1,ribba,sift,clahe,0,0,,homography,1.4,15,1.15,30,20,0.0,0.75,,,3.0,42,8279,3454,151,61,0.403974,0.7213970439837238,0.18356164203279046,2.4531065842714574,True,True,,,447.0,4.7
E1,ribba,sift,clahe,0,0,,homography,1.5,15,1.15,30,20,0.0,0.75,,,3.0,42,8279,3231,54,25,0.462963,1.9631693461932311,0.4995343296469062,5.180274988438272,True,False,,,431.4,3.5
E1,ribba,sift,clahe,0,0,,homography,0.0,0,1.0,0.0,0.0,0.0,0.75,,,3.0,42,8279,8279,8279,8279,1.0,9.144251606539803e-13,2.3267822540388725e-13,2.3437142008433857e-12,True,True,,,596.1,2.2
E1,ribba,sift,clahe,0,0,,homography,0.0,5,1.0,0.0,0.0,0.0,0.75,,,3.0,42,8279,7604,4948,4843,0.978779,0.0321218175423047,0.008173492839092057,0.040757983575230604,True,True,,,574.7,2.5
E1,ribba,sift,clahe,0,0,,homography,0.0,15,1.0,0.0,0.0,0.0,0.75,,,3.0,42,8279,7217,4530,4426,0.977042,0.0952107399688237,0.024226658417287095,0.1005493467492559,True,True,,,557.1,1.7
E1,ribba,sift,clahe,0,0,,homography,0.0,30,1.0,0.0,0.0,0.0,0.75,,,3.0,42,8279,6506,4401,4273,0.970916,0.18520504602046306,0.047125979575044885,0.19496773086369817,True,True,,,562.6,2.0
E1,ribba,sift,clahe,0,0,,homography,0.0,45,1.0,0.0,0.0,0.0,0.75,,,3.0,42,8279,6514,4171,4036,0.967634,0.27647604585482116,0.0703501592958968,0.2944913825609061,True,True,,,538.1,1.9
E1,ribba,sift,clahe,0,0,,homography,0.0,90,1.0,0.0,0.0,0.0,0.75,,,3.0,42,8279,8300,7366,7326,0.99457,0.5007772460218503,0.12742427258199784,0.5035645840636981,True,True,,,593.4,2.6
E1,ribba,sift,sauvola,0,0,,homography,0.0,15,1.15,30,20,0.0,0.75,,,3.0,42,5077,3738,981,621,0.633028,0.4003677857104989,0.10187478417739357,1.316048825031968,True,True,,,401.9,1.7
E1,ribba,sift,sauvola,0,0,,homography,0.25,15,1.15,30,20,0.0,0.75,,,3.0,42,5077,4130,924,565,0.611472,0.17589441760577662,0.04475686224304268,0.4922845794388336,True,True,,,418.5,2.1
E1,ribba,sift,sauvola,0,0,,homography,0.5,15,1.15,30,20,0.0,0.75,,,3.0,42,5077,4040,664,318,0.478916,0.23344711814488872,0.05940131955332137,0.5666850664110809,True,True,,,408.5,3.4
E1,ribba,sift,sauvola,0,0,,homography,0.75,15,1.15,30,20,0.0,0.75,,,3.0,42,5077,2198,436,189,0.433486,0.2231301754956315,0.056776142545389915,0.47904642313947454,True,True,,,375.0,4.5
E1,ribba,sift,sauvola,0,0,,homography,1.0,15,1.15,30,20,0.0,0.75,,,3.0,42,5077,6194,498,255,0.512048,559.2921436667364,142.31356383243207,1014.7458888487281,True,False,,,450.3,3.4
E1,ribba,sift,sauvola,0,0,,homography,1.1,15,1.15,30,20,0.0,0.75,,,3.0,42,5077,13864,199,71,0.356784,0.46917857116553335,0.11938389496878345,1.4806270307606992,True,True,,,587.3,8.3
E1,ribba,sift,sauvola,0,0,,homography,1.2,15,1.15,30,20,0.0,0.75,,,3.0,42,5077,17741,79,34,0.43038,0.4766184512987075,0.12127699478831001,1.156567606255693,True,True,,,668.3,3.5
E1,ribba,sift,sauvola,0,0,,homography,1.3,15,1.15,30,20,0.0,0.75,,,3.0,42,5077,19359,56,18,0.321429,1.528000871994471,0.38880440588160914,4.233334018645909,True,False,,,668.0,12.5
E1,ribba,sift,sauvola,0,0,,homography,1.4,15,1.15,30,20,0.0,0.75,,,3.0,42,5077,19485,25,6,0.24,1764.8280867257222,449.0658011516202,15450.143821815624,True,False,,,714.6,37.9
E1,ribba,sift,sauvola,0,0,,homography,1.5,15,1.15,30,20,0.0,0.75,,,3.0,42,5077,18041,5,4,0.8,571.2160288057228,145.34763217770256,1035.8428087285417,True,False,,,672.7,0.3
E1,ribba,sift,sauvola,0,0,,homography,0.0,0,1.0,0.0,0.0,0.0,0.75,,,3.0,42,5077,5077,5070,5070,1.0,2.6894478069206595e-12,6.843380628143825e-13,9.592242719919306e-12,True,True,,,436.5,1.5
E1,ribba,sift,sauvola,0,0,,homography,0.0,5,1.0,0.0,0.0,0.0,0.75,,,3.0,42,5077,4879,1436,1081,0.752786,0.027309402656996024,0.006948959434280609,0.05104919496119129,True,True,,,423.7,1.0
E1,ribba,sift,sauvola,0,0,,homography,0.0,15,1.0,0.0,0.0,0.0,0.75,,,3.0,42,5077,4697,1284,927,0.721963,0.12613675146576048,0.03209587482071715,0.2051795360754014,True,True,,,417.3,1.3
E1,ribba,sift,sauvola,0,0,,homography,0.0,30,1.0,0.0,0.0,0.0,0.75,,,3.0,42,5077,4296,1206,835,0.692371,0.1843922617705251,0.04691916418429542,0.2554290628014569,True,True,,,414.2,1.2
E1,ribba,sift,sauvola,0,0,,homography,0.0,45,1.0,0.0,0.0,0.0,0.75,,,3.0,42,5077,3973,1154,786,0.681109,0.2935137017943119,0.07468544196266805,0.3960421782476842,True,True,,,427.6,1.5
E1,ribba,sift,sauvola,0,0,,homography,0.0,90,1.0,0.0,0.0,0.0,0.75,,,3.0,42,5077,5085,4782,4754,0.994145,0.5019436635407386,0.12772107101893154,0.503682559068651,True,True,,,482.9,2.3
E1,ribba,orb,none,0,0,,homography,0.0,15,1.15,30,20,0.0,,,,3.0,42,5000,5000,2563,1807,0.705033,0.6982853813104393,0.1776808101305852,1.4728365054246595,True,True,,,161.8,2.0
E1,ribba,orb,none,0,0,,homography,0.25,15,1.15,30,20,0.0,,,,3.0,42,5000,4987,2510,1943,0.774104,0.4775969449718322,0.1215259754389176,1.1640496490981802,True,True,,,126.5,1.5
E1,ribba,orb,none,0,0,,homography,0.5,15,1.15,30,20,0.0,,,,3.0,42,5000,4897,2363,1709,0.723233,0.5788945065336437,0.14730144387100524,1.4151505268447464,True,True,,,127.2,2.1
E1,ribba,orb,none,0,0,,homography,0.75,15,1.15,30,20,0.0,,,,3.0,42,5000,4488,1992,1355,0.680221,0.2232034492132653,0.05679478726266299,0.6415694735420938,True,True,,,114.2,1.5
E1,ribba,orb,none,0,0,,homography,1.0,15,1.15,30,20,0.0,,,,3.0,42,5000,3748,1300,600,0.461538,0.684562100489671,0.17418888015589826,1.335037505071439,True,True,,,100.5,3.6
E1,ribba,orb,none,0,0,,homography,1.1,15,1.15,30,20,0.0,,,,3.0,42,5000,3542,1095,355,0.324201,1.4481776873655812,0.3684931570832342,4.954253535544854,True,False,,,98.1,11.8
E1,ribba,orb,none,0,0,,homography,1.2,15,1.15,30,20,0.0,,,,3.0,42,5000,3386,891,232,0.260382,1.3278578822268723,0.33787742170627433,4.200977020741065,True,False,,,100.4,28.6
E1,ribba,orb,none,0,0,,homography,1.3,15,1.15,30,20,0.0,,,,3.0,42,5000,3277,706,132,0.186969,0.7605103387419779,0.1935141372239125,1.7591501822061024,True,True,,,107.6,111.1
E1,ribba,orb,none,0,0,,homography,1.4,15,1.15,30,20,0.0,,,,3.0,42,5000,3243,614,48,0.078176,2.204203833440854,0.5608662780305256,5.206232174316792,True,False,,,104.8,121.0
E1,ribba,orb,none,0,0,,homography,1.5,15,1.15,30,20,0.0,,,,3.0,42,5000,3334,622,6,0.009646,619.9791839862861,157.75556330286244,1425.2638963084794,True,False,,,107.6,122.9
E1,ribba,orb,none,0,0,,homography,0.0,0,1.0,0.0,0.0,0.0,,,,3.0,42,5000,5000,5000,5000,1.0,4.788051155264125e-13,1.2183339806104224e-13,1.1344900121354758e-12,True,True,,,132.8,1.3
E1,ribba,orb,none,0,0,,homography,0.0,5,1.0,0.0,0.0,0.0,,,,3.0,42,5000,5000,3623,3193,0.881314,0.19225094241429144,0.0489188290501437,0.5193301054000304,True,True,,,159.7,1.7
E1,ribba,orb,none,0,0,,homography,0.0,15,1.0,0.0,0.0,0.0,,,,3.0,42,5000,5000,3208,2391,0.745324,0.44228768383684275,0.11254142801533615,1.4035658488008946,True,True,,,127.7,1.7
E1,ribba,orb,none,0,0,,homography,0.0,30,1.0,0.0,0.0,0.0,,,,3.0,42,5000,5000,3109,2856,0.918623,0.18247473351643811,0.04643124336745823,0.263431169347055,True,True,,,131.6,1.5
E1,ribba,orb,none,0,0,,homography,0.0,45,1.0,0.0,0.0,0.0,,,,3.0,42,5000,5000,3049,2682,0.879633,0.3237456120302947,0.08237804221794458,0.8757565504424948,True,True,,,140.8,1.4
E1,ribba,orb,none,0,0,,homography,0.0,90,1.0,0.0,0.0,0.0,,,,3.0,42,5000,5000,4249,3382,0.795952,0.6960353630246859,0.1771082862277204,1.4081600857634848,True,True,,,141.7,2.1
E1,ribba,orb,clahe,0,0,,homography,0.0,15,1.15,30,20,0.0,,,,3.0,42,5000,5000,2571,1805,0.702061,0.43923825481420936,0.11176549165224,0.9741546400368486,True,True,,,131.2,1.4
E1,ribba,orb,clahe,0,0,,homography,0.25,15,1.15,30,20,0.0,,,,3.0,42,5000,5000,2460,2001,0.813415,0.210825527439914,0.05364518793366844,0.5897073193442859,True,True,,,134.4,1.7
E1,ribba,orb,clahe,0,0,,homography,0.5,15,1.15,30,20,0.0,,,,3.0,42,5000,5000,2251,1589,0.705908,0.6635249901409421,0.16883592431633312,1.8074987936287195,True,True,,,140.5,1.7
E1,ribba,orb,clahe,0,0,,homography,0.75,15,1.15,30,20,0.0,,,,3.0,42,5000,5000,1945,1063,0.54653,1.4292028982854832,0.363664965077436,4.511294619934622,True,False,,,142.5,2.2
E1,ribba,orb,clahe,0,0,,homography,1.0,15,1.15,30,20,0.0,,,,3.0,42,5000,5000,1499,681,0.454303,0.6673170944043909,0.16980083662248047,1.4268945974394194,True,True,,,151.1,4.7
E1,ribba,orb,clahe,0,0,,homography,1.1,15,1.15,30,20,0.0,,,,3.0,42,5000,4994,1404,539,0.383903,0.9539165129496553,0.2427269184695786,2.65655065243727,True,True,,,150.6,7.0
E1,ribba,orb,clahe,0,0,,homography,1.2,15,1.15,30,20,0.0,,,,3.0,42,5000,4965,1279,421,0.329163,0.6897160414402244,0.1755003158925894,1.2958620610886435,True,True,,,150.9,16.1
E1,ribba,orb,clahe,0,0,,homography,1.3,15,1.15,30,20,0.0,,,,3.0,42,5000,4926,1147,298,0.259808,0.8737084336535023,0.2223177320684346,1.9081170050448466,True,True,,,178.8,54.8
E1,ribba,orb,clahe,0,0,,homography,1.4,15,1.15,30,20,0.0,,,,3.0,42,5000,4879,1029,126,0.122449,2.927485532105333,0.7449074761007982,7.886482692329826,True,False,,,144.9,126.3
E1,ribba,orb,clahe,0,0,,homography,1.5,15,1.15,30,20,0.0,,,,3.0,42,5000,4850,1001,51,0.050949,7.876172338238274,2.0041156799817434,19.01374284163455,True,False,,,145.9,126.2
E1,ribba,orb,clahe,0,0,,homography,0.0,0,1.0,0.0,0.0,0.0,,,,3.0,42,5000,5000,5000,5000,1.0,4.798910111823968e-13,1.221097074683944e-13,1.1770371508201712e-12,True,True,,,137.1,1.3
E1,ribba,orb,clahe,0,0,,homography,0.0,5,1.0,0.0,0.0,0.0,,,,3.0,42,5000,5000,3638,2784,0.765256,0.4294542290893095,0.10927591695446207,1.2136329894583542,True,True,,,131.5,1.7
E1,ribba,orb,clahe,0,0,,homography,0.0,15,1.0,0.0,0.0,0.0,,,,3.0,42,5000,5000,3256,2612,0.802211,0.5179350413170976,0.1317901250682594,1.3823285507890846,True,True,,,131.0,1.5
E1,ribba,orb,clahe,0,0,,homography,0.0,30,1.0,0.0,0.0,0.0,,,,3.0,42,5000,5000,3093,2477,0.800841,0.499136715552825,0.12700683468256296,1.4910618986008697,True,True,,,129.1,2.2
E1,ribba,orb,clahe,0,0,,homography,0.0,45,1.0,0.0,0.0,0.0,,,,3.0,42,5000,5000,3027,2056,0.67922,0.8539901015233536,0.2173003433029219,2.539358121506159,True,True,,,130.2,1.8
E1,ribba,orb,clahe,0,0,,homography,0.0,90,1.0,0.0,0.0,0.0,,,,3.0,42,5000,5000,4239,4007,0.94527,0.5531429175493334,0.14074887479918052,0.7201619132839182,True,True,,,133.9,2.7
E1,ribba,orb,sauvola,0,0,,homography,0.0,15,1.15,30,20,0.0,,,,3.0,42,4512,4417,1903,1144,0.601156,0.8203668591472626,0.2087448084105984,2.324491026589541,True,True,,,123.9,2.9
E1,ribba,orb,sauvola,0,0,,homography,0.25,15,1.15,30,20,0.0,,,,3.0,42,4512,4632,1921,892,0.464341,2.376748717080719,0.6047708413073402,6.49564728091305,True,False,,,117.9,4.1
E1,ribba,orb,sauvola,0,0,,homography,0.5,15,1.15,30,20,0.0,,,,3.0,42,4512,5000,1703,881,0.517322,0.5855348314930059,0.14899109447788983,1.390584192900652,True,True,,,116.7,2.4
E1,ribba,orb,sauvola,0,0,,homography,0.75,15,1.15,30,20,0.0,,,,3.0,42,4512,5000,1353,578,0.427199,0.31232681602419005,0.07947249531780322,0.8351795390934228,True,True,,,127.4,8.5
E1,ribba,orb,sauvola,0,0,,homography,1.0,15,1.15,30,20,0.0,,,,3.0,42,4512,5000,1198,257,0.214524,1.1336911543381403,0.2884711152948028,2.769592468450158,True,False,,,134.4,64.6
E1,ribba,orb,sauvola,0,0,,homography,1.1,15,1.15,30,20,0.0,,,,3.0,42,4512,5000,1130,210,0.185841,1.704552530048096,0.43372850492832815,4.466709026563207,True,False,,,137.3,112.0
E1,ribba,orb,sauvola,0,0,,homography,1.2,15,1.15,30,20,0.0,,,,3.0,42,4512,5003,1067,98,0.091846,19.556656519753325,4.976249921420792,65.39936261338713,True,False,,,134.2,127.2
E1,ribba,orb,sauvola,0,0,,homography,1.3,15,1.15,30,20,0.0,,,,3.0,42,4512,5000,1036,38,0.03668,17.95619855756319,4.569008591567626,63.46165694588749,True,False,,,144.5,129.1
E1,ribba,orb,sauvola,0,0,,homography,1.4,15,1.15,30,20,0.0,,,,3.0,42,4512,5000,1024,11,0.010742,189.25322840377757,48.15605172702641,618.5207556145727,True,False,,,147.3,129.9
E1,ribba,orb,sauvola,0,0,,homography,1.5,15,1.15,30,20,0.0,,,,3.0,42,4512,5000,1058,7,0.006616,572.1631298235717,145.5886248729973,1053.352392239857,True,False,,,151.4,130.8
E1,ribba,orb,sauvola,0,0,,homography,0.0,0,1.0,0.0,0.0,0.0,,,,3.0,42,4512,4512,4511,4511,1.0,4.593311195595304e-13,1.1687818136528117e-13,1.1368683772161603e-12,True,True,,,115.3,1.2
E1,ribba,orb,sauvola,0,0,,homography,0.0,5,1.0,0.0,0.0,0.0,,,,3.0,42,4512,4492,2530,1800,0.711462,0.4315766271373227,0.10981596750497316,1.2740118226489148,True,True,,,119.3,1.5
E1,ribba,orb,sauvola,0,0,,homography,0.0,15,1.0,0.0,0.0,0.0,,,,3.0,42,4512,4363,2337,1740,0.744544,0.3156344196276679,0.08031412497751898,0.6990206635473112,True,True,,,105.5,1.4
E1,ribba,orb,sauvola,0,0,,homography,0.0,30,1.0,0.0,0.0,0.0,,,,3.0,42,4512,4435,2229,1539,0.690444,0.33621397198707426,0.085550653814027,0.8106871007352533,True,True,,,106.2,1.3
E1,ribba,orb,sauvola,0,0,,homography,0.0,45,1.0,0.0,0.0,0.0,,,,3.0,42,4512,4371,2171,1641,0.755873,0.3457907633316652,0.0879874971020322,0.48721104862402287,True,True,,,109.1,1.7
E1,ribba,orb,sauvola,0,0,,homography,0.0,90,1.0,0.0,0.0,0.0,,,,3.0,42,4512,4511,3457,3268,0.945328,0.5552507344852091,0.1412852151419649,0.6316483615690066,True,True,,,111.3,1.8
E1,vedra,sift,none,0,0,,homography,0.0,15,1.15,30,20,0.0,0.75,,,3.0,42,5352,3877,2172,2038,0.938306,0.12245294601076921,0.031158519471278255,0.1581678892856061,True,True,,,410.6,1.5
E1,vedra,sift,none,0,0,,homography,0.25,15,1.15,30,20,0.0,0.75,,,3.0,42,5352,3495,1670,1427,0.854491,0.11554416993067983,0.029400560671371274,0.13427048604078823,True,True,,,413.8,1.0
E1,vedra,sift,none,0,0,,homography,0.5,15,1.15,30,20,0.0,0.75,,,3.0,42,5352,2932,1072,727,0.678172,0.16472473222857592,0.04191470228975783,0.41615451499404993,True,True,,,405.3,1.0
E1,vedra,sift,none,0,0,,homography,0.75,15,1.15,30,20,0.0,0.75,,,3.0,42,5352,1681,749,340,0.453939,0.17581933677738004,0.04473775770101468,0.4721855584592237,True,True,,,364.3,3.8
E1,vedra,sift,none,0,0,,homography,1.0,15,1.15,30,20,0.0,0.75,,,3.0,42,5352,693,669,140,0.209268,568.4822612026109,144.65201680978794,1050.4794365826103,True,False,,,345.9,69.1
E1,vedra,sift,none,0,0,,homography,1.1,15,1.15,30,20,0.0,0.75,,,3.0,42,5352,621,107,78,0.728972,0.3350919756903676,0.0852651584903411,1.0264036418806899,True,True,,,344.5,0.6
E1,vedra,sift,none,0,0,,homography,1.2,15,1.15,30,20,0.0,0.75,,,3.0,42,5352,647,73,40,0.547945,0.4903675867246451,0.12477550354484611,1.3879074847463322,True,True,,,362.6,1.7
E1,vedra,sift,none,0,0,,homography,1.3,15,1.15,30,20,0.0,0.75,,,3.0,42,5352,677,25,16,0.64,1.8714452178266288,0.47619485001163914,4.852864315845734,True,False,,,350.3,1.0
E1,vedra,sift,none,0,0,,homography,1.4,15,1.15,30,20,0.0,0.75,,,3.0,42,5352,817,5,4,0.8,1.225309263609834,0.31178361805331306,3.3455617734121867,True,False,,,349.3,0.5
E1,vedra,sift,none,0,0,,homography,1.5,15,1.15,30,20,0.0,0.75,,,,42,5352,917,1,0,0.0,,,,False,False,"solo 1 corrispondenze, ne servono almeno 4",,348.8,0.0
E1,vedra,sift,none,0,0,,homography,0.0,0,1.0,0.0,0.0,0.0,0.75,,,3.0,42,5352,5352,5352,5352,1.0,1.5818347442554595e-12,4.0250259618003443e-13,4.9634957593535305e-12,True,True,,,430.9,1.5
E1,vedra,sift,none,0,0,,homography,0.0,5,1.0,0.0,0.0,0.0,0.75,,,3.0,42,5352,4625,2745,2658,0.968306,0.03273925391530955,0.00833060137651226,0.04200274497652609,True,True,,,427.1,1.1
E1,vedra,sift,none,0,0,,homography,0.0,15,1.0,0.0,0.0,0.0,0.75,,,3.0,42,5352,4736,2582,2482,0.96127,0.10257941560362122,0.02610164003858823,0.14420130345508414,True,True,,,451.8,1.6
E1,vedra,sift,none,0,0,,homography,0.0,30,1.0,0.0,0.0,0.0,0.75,,,3.0,42,5352,4003,2634,2516,0.955201,0.1918071725855432,0.04880591048590922,0.20221910777587496,True,True,,,433.2,1.1
E1,vedra,sift,none,0,0,,homography,0.0,45,1.0,0.0,0.0,0.0,0.75,,,3.0,42,5352,3761,2333,2195,0.940849,0.27300663531149355,0.06946735737491547,0.2875979235408431,True,True,,,407.0,1.1
E1,vedra,sift,none,0,0,,homography,0.0,90,1.0,0.0,0.0,0.0,0.75,,,3.0,42,5352,5317,5074,5060,0.997241,0.499622102768936,0.12713034291586406,0.5025118646998854,True,True,,,429.4,2.4
E1,vedra,sift,clahe,0,0,,homography,0.0,15,1.15,30,20,0.0,0.75,,,3.0,42,7135,5280,3059,2962,0.96829,0.12125383824321195,0.03085340290250001,0.16142870656132616,True,True,,,472.3,1.4
E1,vedra,sift,clahe,0,0,,homography,0.25,15,1.15,30,20,0.0,0.75,,,3.0,42,7135,5053,2204,2027,0.919691,0.10714184784481791,0.02726256460965745,0.16111638814779142,True,True,,,459.3,1.1
E1,vedra,sift,clahe,0,0,,homography,0.5,15,1.15,30,20,0.0,0.75,,,3.0,42,7135,5008,1108,912,0.823105,0.17738879094519314,0.045137110022377226,0.35379283577373716,True,True,,,459.5,1.1
E1,vedra,sift,clahe,0,0,,homography,0.75,15,1.15,30,20,0.0,0.75,,,3.0,42,7135,5061,663,479,0.722474,0.654588300072393,0.1665619567183206,1.9828993859425366,True,True,,,457.3,0.9
E1,vedra,sift,clahe,0,0,,homography,1.0,15,1.15,30,20,0.0,0.75,,,3.0,42,7135,4521,402,229,0.569652,1.423987610879855,0.36233791955121175,3.4488381369244165,True,False,,,451.6,1.4
E1,vedra,sift,clahe,0,0,,homography,1.1,15,1.15,30,20,0.0,0.75,,,3.0,42,7135,4109,317,178,0.561514,1.0817265562392153,0.275248567414737,3.2984840492945082,True,False,,,439.1,1.6
E1,vedra,sift,clahe,0,0,,homography,1.2,15,1.15,30,20,0.0,0.75,,,3.0,42,7135,3847,215,121,0.562791,0.6618586635819862,0.16841192252442713,1.5097104241530475,True,True,,,436.0,1.5
E1,vedra,sift,clahe,0,0,,homography,1.3,15,1.15,30,20,0.0,0.75,,,3.0,42,7135,3575,161,79,0.490683,0.6146645428179146,0.15640323691364683,1.5488342783410332,True,True,,,439.0,2.2
E1,vedra,sift,clahe,0,0,,homography,1.4,15,1.15,30,20,0.0,0.75,,,3.0,42,7135,3338,227,110,0.484581,629.3815931002489,160.14803450913763,1117.0971820256927,True,False,,,429.9,6.8
E1,vedra,sift,clahe,0,0,,homography,1.5,15,1.15,30,20,0.0,0.75,,,3.0,42,7135,3181,58,22,0.37931,1.178338217581951,0.29983169447838015,3.213914662419743,True,False,,,420.1,7.2
E1,vedra,sift,clahe,0,0,,homography,0.0,0,1.0,0.0,0.0,0.0,0.75,,,3.0,42,7135,7135,7135,7135,1.0,5.863777335332895e-13,1.492055734307461e-13,1.7190435760274843e-12,True,True,,,508.1,2.0
E1,vedra,sift,clahe,0,0,,homography,0.0,5,1.0,0.0,0.0,0.0,0.75,,,3.0,42,7135,6471,4205,4144,0.985493,0.03183505946167492,0.008100526385201567,0.03845291377625135,True,True,,,493.6,2.2
E1,vedra,sift,clahe,0,0,,homography,0.0,15,1.0,0.0,0.0,0.0,0.75,,,3.0,42,7135,5974,3759,3683,0.979782,0.08876741742333578,0.02258713566562006,0.10129168718755958,True,True,,,484.5,2.2
E1,vedra,sift,clahe,0,0,,homography,0.0,30,1.0,0.0,0.0,0.0,0.75,,,3.0,42,7135,5277,3547,3450,0.972653,0.18629148008078678,0.047402425980996435,0.20502843381360744,True,True,,,460.0,1.3
E1,vedra,sift,clahe,0,0,,homography,0.0,45,1.0,0.0,0.0,0.0,0.75,,,3.0,42,7135,5202,3386,3283,0.969581,0.2733071892427553,0.06954383422438681,0.28663526076147455,True,True,,,464.7,1.5
E1,vedra,sift,clahe,0,0,,homography,0.0,90,1.0,0.0,0.0,0.0,0.75,,,3.0,42,7135,7150,6376,6352,0.996236,0.49962033597389843,0.12712989334956637,0.5056728383835543,True,True,,,528.5,2.4
E1,vedra,sift,sauvola,0,0,,homography,0.0,15,1.15,30,20,0.0,0.75,,,3.0,42,4218,3409,905,672,0.742541,0.279980807556816,0.0712419564252545,0.7853317408661069,True,True,,,399.2,1.2
E1,vedra,sift,sauvola,0,0,,homography,0.25,15,1.15,30,20,0.0,0.75,,,3.0,42,4218,3656,797,589,0.739021,0.1955093388657699,0.04974793780241175,0.4829062158306367,True,True,,,430.7,1.2
E1,vedra,sift,sauvola,0,0,,homography,0.5,15,1.15,30,20,0.0,0.75,,,3.0,42,4218,3499,648,419,0.646605,0.14132741195237833,0.03596118395351852,0.2608267841407035,True,True,,,390.0,1.1
E1,vedra,sift,sauvola,0,0,,homography,0.75,15,1.15,30,20,0.0,0.75,,,3.0,42,4218,1990,304,185,0.608553,0.4178245314263237,0.10631670549502234,1.1597782775216505,True,True,,,437.2,1.6
E1,vedra,sift,sauvola,0,0,,homography,1.0,15,1.15,30,20,0.0,0.75,,,3.0,42,4218,6629,205,87,0.42439,0.3495951456835196,0.08895553360460862,0.5712509985473,True,True,,,452.6,5.2
E1,vedra,sift,sauvola,0,0,,homography,1.1,15,1.15,30,20,0.0,0.75,,,3.0,42,4218,14472,251,92,0.366534,676.5812994576332,172.15814139089315,1225.2459248843936,True,False,,,579.7,15.6
E1,vedra,sift,sauvola,0,0,,homography,1.2,15,1.15,30,20,0.0,0.75,,,3.0,42,4218,18213,60,40,0.666667,2.152613821999887,0.5477390448493372,7.363255681551184,True,False,,,621.3,0.9
E1,vedra,sift,sauvola,0,0,,homography,1.3,15,1.15,30,20,0.0,0.75,,,3.0,42,4218,19788,39,15,0.384615,4.786006160108229,1.2178136254580192,13.513904888274729,True,False,,,639.9,6.6
E1,vedra,sift,sauvola,0,0,,homography,1.4,15,1.15,30,20,0.0,0.75,,,3.0,42,4218,19192,7,4,0.571429,11540.743793262624,2936.576880427054,93677.48552596019,True,False,,,616.2,1.2
E1,vedra,sift,sauvola,0,0,,homography,1.5,15,1.15,30,20,0.0,0.75,,,3.0,42,4218,18162,4,4,1.0,543.3375385164072,138.25386668811535,1005.8187296812403,True,False,,,606.0,0.1
E1,vedra,sift,sauvola,0,0,,homography,0.0,0,1.0,0.0,0.0,0.0,0.75,,,3.0,42,4218,4218,4212,4212,1.0,1.3678117454358444e-12,3.4804380206138687e-13,4.544474918067131e-12,True,True,,,417.3,1.3
E1,vedra,sift,sauvola,0,0,,homography,0.0,5,1.0,0.0,0.0,0.0,0.75,,,3.0,42,4218,3885,1127,824,0.731145,0.19342004324560852,0.04921631026397482,0.4781276223005948,True,True,,,400.8,1.0
E1,vedra,sift,sauvola,0,0,,homography,0.0,15,1.0,0.0,0.0,0.0,0.75,,,3.0,42,4218,3747,1021,801,0.784525,0.10317218994932634,0.026252473249175932,0.14610927388493833,True,True,,,386.4,0.8
E1,vedra,sift,sauvola,0,0,,homography,0.0,30,1.0,0.0,0.0,0.0,0.75,,,3.0,42,4218,3470,941,701,0.744952,0.20557171403852006,0.05230833935224354,0.30486959361879773,True,True,,,388.5,0.8
E1,vedra,sift,sauvola,0,0,,homography,0.0,45,1.0,0.0,0.0,0.0,0.75,,,3.0,42,4218,3514,929,698,0.751346,0.3057104641941344,0.07778894474559007,0.45381492366042164,True,True,,,403.8,1.0
E1,vedra,sift,sauvola,0,0,,homography,0.0,90,1.0,0.0,0.0,0.0,0.75,,,3.0,42,4218,4185,3965,3949,0.995965,0.49925999494708534,0.1270382034942707,0.5045616500551255,True,True,,,411.3,1.7
E1,vedra,orb,none,0,0,,homography,0.0,15,1.15,30,20,0.0,,,,3.0,42,5000,5000,2918,2561,0.877656,0.24316240700049102,0.061873403948495935,0.5934070477612291,True,True,,,129.2,1.6
E1,vedra,orb,none,0,0,,homography,0.25,15,1.15,30,20,0.0,,,,3.0,42,5000,5000,2868,2492,0.868898,0.2926272387453632,0.0744598787804739,0.7701976834227756,True,True,,,131.6,1.5
E1,vedra,orb,none,0,0,,homography,0.5,15,1.15,30,20,0.0,,,,3.0,42,5000,4950,2631,2219,0.843406,0.2838334891829059,0.07222228282305795,0.6732759084587132,True,True,,,129.1,1.3
E1,vedra,orb,none,0,0,,homography,0.75,15,1.15,30,20,0.0,,,,3.0,42,5000,4409,2107,1530,0.726151,0.6343161103928994,0.1614036372378044,1.8787860113119452,True,True,,,113.4,1.2
E1,vedra,orb,none,0,0,,homography,1.0,15,1.15,30,20,0.0,,,,3.0,42,5000,3698,1313,639,0.486672,1.1274820282807807,0.2868911845421295,2.37456554527395,True,False,,,109.5,2.9
E1,vedra,orb,none,0,0,,homography,1.1,15,1.15,30,20,0.0,,,,3.0,42,5000,3500,1072,468,0.436567,1.5564021786641449,0.3960312035676276,4.314857645669166,True,False,,,103.9,4.8
E1,vedra,orb,none,0,0,,homography,1.2,15,1.15,30,20,0.0,,,,3.0,42,5000,3324,870,283,0.325287,1.5849556941911842,0.4032967312540294,5.43148333902064,True,False,,,102.2,12.1
E1,vedra,orb,none,0,0,,homography,1.3,15,1.15,30,20,0.0,,,,3.0,42,5000,3230,694,137,0.197406,1.629208096700662,0.4145568878297735,4.289872035944154,True,False,,,106.7,91.3
E1,vedra,orb,none,0,0,,homography,1.4,15,1.15,30,20,0.0,,,,3.0,42,5000,3213,638,34,0.053292,11.01741259533829,2.8034136871216138,30.451771325711317,True,False,,,110.8,126.0
E1,vedra,orb,none,0,0,,homography,1.5,15,1.15,30,20,0.0,,,,3.0,42,5000,3330,674,8,0.011869,1444.009222279776,367.43247863675583,12956.797539716026,True,False,,,106.0,127.6
E1,vedra,orb,none,0,0,,homography,0.0,0,1.0,0.0,0.0,0.0,,,,3.0,42,5000,5000,5000,5000,1.0,1.893077343515245e-12,4.816992092894846e-13,6.520696019112354e-12,True,True,,,129.6,1.3
E1,vedra,orb,none,0,0,,homography,0.0,5,1.0,0.0,0.0,0.0,,,,3.0,42,5000,5000,3740,3473,0.92861,0.21577386881558386,0.05490430824173176,0.6748065729322782,True,True,,,135.4,1.6
E1,vedra,orb,none,0,0,,homography,0.0,15,1.0,0.0,0.0,0.0,,,,3.0,42,5000,5000,3528,3251,0.921485,0.1337943809816502,0.034044381623923835,0.2319753300310827,True,True,,,131.4,2.6
E1,vedra,orb,none,0,0,,homography,0.0,30,1.0,0.0,0.0,0.0,,,,3.0,42,5000,5000,3459,2579,0.745591,0.8247445100498896,0.20985871481572455,2.477542247747144,True,True,,,122.5,1.7
E1,vedra,orb,none,0,0,,homography,0.0,45,1.0,0.0,0.0,0.0,,,,3.0,42,5000,5000,3385,2651,0.783161,0.8861674188177598,0.22548795822043544,2.426615522928557,True,True,,,124.1,1.6
E1,vedra,orb,none,0,0,,homography,0.0,90,1.0,0.0,0.0,0.0,,,,3.0,42,5000,5000,4187,4012,0.958204,0.4816872864743791,0.12256677510526517,0.6524712966079841,True,True,,,126.5,1.9
E1,vedra,orb,clahe,0,0,,homography,0.0,15,1.15,30,20,0.0,,,,3.0,42,5000,5000,2894,2428,0.838977,0.5677936661308032,0.14447680172798125,1.8995705082545293,True,True,,,129.5,1.9
E1,vedra,orb,clahe,0,0,,homography,0.25,15,1.15,30,20,0.0,,,,3.0,42,5000,5000,2801,1974,0.704748,0.7828309355593925,0.1991936800458941,2.2380028630194144,True,True,,,130.2,2.0
E1,vedra,orb,clahe,0,0,,homography,0.5,15,1.15,30,20,0.0,,,,3.0,42,5000,5000,2512,2032,0.808917,0.6597099970379176,0.16786518787628923,1.953244681508727,True,True,,,143.5,1.9
E1,vedra,orb,clahe,0,0,,homography,0.75,15,1.15,30,20,0.0,,,,3.0,42,5000,5000,2154,1486,0.689879,0.8766108446081476,0.22305625924307698,2.595928883885884,True,True,,,137.9,1.3
E1,vedra,orb,clahe,0,0,,homography,1.0,15,1.15,30,20,0.0,,,,3.0,42,5000,5000,1643,784,0.477176,1.324778252201496,0.3370938006074272,2.9750456175563267,True,False,,,141.3,3.5
E1,vedra,orb,clahe,0,0,,homography,1.1,15,1.15,30,20,0.0,,,,3.0,42,5000,5000,1499,705,0.470314,1.4775721331978857,0.3759726620086016,4.852956121591541,True,False,,,149.2,4.6
E1,vedra,orb,clahe,0,0,,homography,1.2,15,1.15,30,20,0.0,,,,3.0,42,5000,4993,1334,503,0.377061,1.4014787688802248,0.3566104771778798,3.307226699775973,True,False,,,141.8,8.4
E1,vedra,orb,clahe,0,0,,homography,1.3,15,1.15,30,20,0.0,,,,3.0,42,5000,4954,1211,323,0.266722,1.8833517008768141,0.47922449034320797,3.6497233073597553,True,False,,,145.9,37.4
E1,vedra,orb,clahe,0,0,,homography,1.4,15,1.15,30,20,0.0,,,,3.0,42,5000,4899,1091,182,0.166819,1.5665606957952214,0.39861606872718147,3.0995972993313714,True,False,,,142.8,128.4
E1,vedra,orb,clahe,0,0,,homography,1.5,15,1.15,30,20,0.0,,,,3.0,42,5000,4859,993,76,0.076536,3.786441616591883,0.9634714286666543,8.725068457095825,True,False,,,148.0,125.7
E1,vedra,orb,clahe,0,0,,homography,0.0,0,1.0,0.0,0.0,0.0,,,,3.0,42,5000,5000,5000,5000,1.0,1.9082892157690845e-12,4.855699158200908e-13,6.9548015895497155e-12,True,True,,,133.2,1.3
E1,vedra,orb,clahe,0,0,,homography,0.0,5,1.0,0.0,0.0,0.0,,,,3.0,42,5000,5000,3679,3096,0.841533,0.3276281078098738,0.0833659549165458,0.7544319293603563,True,True,,,131.7,1.6
E1,vedra,orb,clahe,0,0,,homography,0.0,15,1.0,0.0,0.0,0.0,,,,3.0,42,5000,5000,3481,3100,0.890549,0.3470691850610502,0.0883127953463394,1.213023251962719,True,True,,,131.5,2.4
E1,vedra,orb,clahe,0,0,,homography,0.0,30,1.0,0.0,0.0,0.0,,,,3.0,42,5000,5000,3380,3122,0.923669,0.1930736101984425,0.04912815933582428,0.3479339782872118,True,True,,,159.7,1.8
E1,vedra,orb,clahe,0,0,,homography,0.0,45,1.0,0.0,0.0,0.0,,,,3.0,42,5000,5000,3361,2489,0.740553,0.9996917884949026,0.2543745746578934,3.151693710834834,True,True,,,129.5,1.6
E1,vedra,orb,clahe,0,0,,homography,0.0,90,1.0,0.0,0.0,0.0,,,,3.0,42,5000,5000,4209,3625,0.86125,0.4404924063020424,0.11208461426077358,1.1134924489108349,True,True,,,130.8,2.3
E1,vedra,orb,sauvola,0,0,,homography,0.0,15,1.15,30,20,0.0,,,,3.0,42,4363,4443,2155,1491,0.691879,0.6670159171366872,0.16972420116318146,1.5652812656828452,True,True,,,111.9,2.0
E1,vedra,orb,sauvola,0,0,,homography,0.25,15,1.15,30,20,0.0,,,,3.0,42,4363,4668,2110,1329,0.629858,1.5503358877405833,0.39448761764325463,5.104260322058865,True,False,,,106.7,1.8
E1,vedra,orb,sauvola,0,0,,homography,0.5,15,1.15,30,20,0.0,,,,3.0,42,4363,5000,1879,1108,0.589675,0.684057345153026,0.17406044364622292,2.3055150235971746,True,True,,,112.9,1.7
E1,vedra,orb,sauvola,0,0,,homography,0.75,15,1.15,30,20,0.0,,,,3.0,42,4363,5000,1359,591,0.434879,1.0523333075862955,0.2677693671152556,3.2919901104123976,True,False,,,113.0,4.9
E1,vedra,orb,sauvola,0,0,,homography,1.0,15,1.15,30,20,0.0,,,,3.0,42,4363,5000,1283,343,0.267342,1.320082790903181,0.3358990263936871,3.3372910880119786,True,False,,,124.9,26.3
E1,vedra,orb,sauvola,0,0,,homography,1.1,15,1.15,30,20,0.0,,,,3.0,42,4363,5000,1204,247,0.20515,1.043937232290795,0.2656329605680896,2.491134308027419,True,False,,,131.2,78.5
E1,vedra,orb,sauvola,0,0,,homography,1.2,15,1.15,30,20,0.0,,,,3.0,42,4363,5000,1164,170,0.146048,2.4563135592318743,0.6250163540872281,5.182524281200511,True,False,,,132.5,128.8
E1,vedra,orb,sauvola,0,0,,homography,1.3,15,1.15,30,20,0.0,,,,3.0,42,4363,5000,1091,70,0.064161,21.107709384899767,5.3709199761159,58.28884003560423,True,False,,,142.2,127.8
E1,vedra,orb,sauvola,0,0,,homography,1.4,15,1.15,30,20,0.0,,,,3.0,42,4363,5000,1076,11,0.010223,491.47032779526336,125.05609931848814,1071.5398953019408,True,False,,,137.6,129.1
E1,vedra,orb,sauvola,0,0,,homography,1.5,15,1.15,30,20,0.0,,,,3.0,42,4363,5000,1116,8,0.007168,217.5378935227849,55.35316962055319,847.4400644882202,True,False,,,140.6,129.2
E1,vedra,orb,sauvola,0,0,,homography,0.0,0,1.0,0.0,0.0,0.0,,,,3.0,42,4363,4363,4358,4358,1.0,1.6247005192922371e-12,4.1340992123546757e-13,4.907052580461839e-12,True,True,,,107.7,1.1
E1,vedra,orb,sauvola,0,0,,homography,0.0,5,1.0,0.0,0.0,0.0,,,,3.0,42,4363,4384,2662,2241,0.841848,0.2118078635631461,0.05389514630723321,0.6334996787297108,True,True,,,108.8,1.6
E1,vedra,orb,sauvola,0,0,,homography,0.0,15,1.0,0.0,0.0,0.0,,,,3.0,42,4363,4404,2518,1892,0.75139,0.7542661709816922,0.19192529000480452,1.6657657460720399,True,True,,,107.0,1.5
E1,vedra,orb,sauvola,0,0,,homography,0.0,30,1.0,0.0,0.0,0.0,,,,3.0,42,4363,4326,2502,1892,0.756195,0.3644357597886988,0.09273177238551376,0.8801256545944004,True,True,,,100.8,1.7
E1,vedra,orb,sauvola,0,0,,homography,0.0,45,1.0,0.0,0.0,0.0,,,,3.0,42,4363,4333,2410,1902,0.789212,0.32502590988815916,0.08270381784877176,0.6518025315226441,True,True,,,102.9,1.5
E1,vedra,orb,sauvola,0,0,,homography,0.0,90,1.0,0.0,0.0,0.0,,,,3.0,42,4363,4362,3398,3095,0.91083,0.593785429769052,0.1510904839610246,0.9587723283972373,True,True,,,106.7,2.3
E1,aspera,sift,none,0,0,,homography,0.0,15,1.15,30,20,0.0,0.75,,,3.0,42,4774,3154,1650,1523,0.92303,0.11648061190636816,0.029638841141411094,0.12700324985650974,True,True,,,406.6,0.9
E1,aspera,sift,none,0,0,,homography,0.25,15,1.15,30,20,0.0,0.75,,,3.0,42,4774,2594,1208,1030,0.852649,0.10792018163674821,0.027460613978015493,0.12490728850962764,True,True,,,386.6,0.8
E1,aspera,sift,none,0,0,,homography,0.5,15,1.15,30,20,0.0,0.75,,,3.0,42,4774,2167,787,519,0.659466,0.09414068085259557,0.0239543786649855,0.158625450013079,True,True,,,373.7,1.0
E1,aspera,sift,none,0,0,,homography,0.75,15,1.15,30,20,0.0,0.75,,,3.0,42,4774,1563,363,221,0.608815,0.21230532240710034,0.0540217262024539,0.6373814162468346,True,True,,,354.5,1.1
E1,aspera,sift,none,0,0,,homography,1.0,15,1.15,30,20,0.0,0.75,,,3.0,42,4774,586,349,82,0.234957,697.1759946875118,177.39852337622142,1243.052131616704,True,False,,,341.6,42.1
E1,aspera,sift,none,0,0,,homography,1.1,15,1.15,30,20,0.0,0.75,,,3.0,42,4774,537,533,211,0.395872,714.173690778008,181.72363813953646,1244.1266828733692,True,False,,,341.3,15.1
E1,aspera,sift,none,0,0,,homography,1.2,15,1.15,30,20,0.0,0.75,,,3.0,42,4774,581,70,31,0.442857,0.6712889842430604,0.17081149590759942,1.58359376112954,True,True,,,351.3,4.4
E1,aspera,sift,none,0,0,,homography,1.3,15,1.15,30,20,0.0,0.75,,,3.0,42,4774,649,47,22,0.468085,566.931615593463,144.25745038260342,1530.308274954451,True,False,,,359.4,2.9
E1,aspera,sift,none,0,0,,homography,1.4,15,1.15,30,20,0.0,0.75,,,3.0,42,4774,784,8,4,0.5,2087.8312731960314,531.2549309585497,20006.44069865541,True,False,,,347.6,1.8
E1,aspera,sift,none,0,0,,homography,1.5,15,1.15,30,20,0.0,0.75,,,,42,4774,899,6,0,0.0,,,,False,False,RANSAC non ha trovato un modello,,351.9,0.8
E1,aspera,sift,none,0,0,,homography,0.0,0,1.0,0.0,0.0,0.0,0.75,,,3.0,42,4774,4774,4774,4774,1.0,1.883575753401775e-12,4.792815011803418e-13,4.82102068082713e-12,True,True,,,452.5,3.2
E1,aspera,sift,none,0,0,,homography,0.0,5,1.0,0.0,0.0,0.0,0.75,,,3.0,42,4774,4039,2131,2042,0.958236,0.03271005015300981,0.008323170391583805,0.041571534254740215,True,True,,,421.5,1.0
E1,aspera,sift,none,0,0,,homography,0.0,15,1.0,0.0,0.0,0.0,0.75,,,3.0,42,4774,3922,2029,1932,0.952193,0.08952006857980435,0.022778650010336954,0.10677883463658375,True,True,,,406.3,1.0
E1,aspera,sift,none,0,0,,homography,0.0,30,1.0,0.0,0.0,0.0,0.75,,,3.0,42,4774,3417,2074,1962,0.945998,0.1773224811948873,0.04512023730748266,0.1985220453014333,True,True,,,384.7,0.9
E1,aspera,sift,none,0,0,,homography,0.0,45,1.0,0.0,0.0,0.0,0.75,,,3.0,42,4774,3330,1833,1690,0.921986,0.26958244736614817,0.06859606247965849,0.28911749024840666,True,True,,,378.2,2.1
E1,aspera,sift,none,0,0,,homography,0.0,90,1.0,0.0,0.0,0.0,0.75,,,3.0,42,4774,4797,4547,4537,0.997801,0.5008895779078315,0.12745285576738144,0.5035972762940695,True,True,,,415.3,2.1
E1,aspera,sift,clahe,0,0,,homography,0.0,15,1.15,30,20,0.0,0.75,,,3.0,42,6559,4650,2644,2539,0.960287,0.10996356567755039,0.027980559177349727,0.1288949264707301,True,True,,,445.3,1.1
E1,aspera,sift,clahe,0,0,,homography,0.25,15,1.15,30,20,0.0,0.75,,,3.0,42,6559,4299,1780,1649,0.926404,0.09688857172015371,0.02465358773990827,0.11981799584382376,True,True,,,448.1,0.8
E1,aspera,sift,clahe,0,0,,homography,0.5,15,1.15,30,20,0.0,0.75,,,3.0,42,6559,4330,855,703,0.822222,0.13172813141815914,0.03351861822374485,0.3445178798163703,True,True,,,471.7,1.1
E1,aspera,sift,clahe,0,0,,homography,0.75,15,1.15,30,20,0.0,0.75,,,3.0,42,6559,4810,517,349,0.675048,0.2394416434635105,0.06092664450422063,0.6627399881581671,True,True,,,442.2,1.4
E1,aspera,sift,clahe,0,0,,homography,1.0,15,1.15,30,20,0.0,0.75,,,3.0,42,6559,4533,331,166,0.501511,0.30762352541012533,0.07827572891118262,0.8799418308625513,True,True,,,427.7,3.2
E1,aspera,sift,clahe,0,0,,homography,1.1,15,1.15,30,20,0.0,0.75,,,3.0,42,6559,4170,327,121,0.370031,0.4867854304342713,0.12386401313029163,1.5171085181524138,True,True,,,430.2,7.2
E1,aspera,sift,clahe,0,0,,homography,1.2,15,1.15,30,20,0.0,0.75,,,3.0,42,6559,3812,339,91,0.268437,0.6973730188379778,0.17744865676237995,2.389493496294548,True,True,,,431.2,29.9
E1,aspera,sift,clahe,0,0,,homography,1.3,15,1.15,30,20,0.0,0.75,,,3.0,42,6559,3403,840,418,0.497619,721.7348321462395,183.64759324410707,1210.0019728464508,True,False,,,419.6,6.3
E1,aspera,sift,clahe,0,0,,homography,1.4,15,1.15,30,20,0.0,0.75,,,3.0,42,6559,3213,153,58,0.379085,510.64196351748797,129.93437954291537,924.7407591039054,True,False,,,403.0,6.1
E1,aspera,sift,clahe,0,0,,homography,1.5,15,1.15,30,20,0.0,0.75,,,3.0,42,6559,3140,42,13,0.309524,2.145294135822004,0.5458765287423164,4.923431516273783,True,False,,,396.0,13.8
E1,aspera,sift,clahe,0,0,,homography,0.0,0,1.0,0.0,0.0,0.0,0.75,,,3.0,42,6559,6559,6559,6559,1.0,1.4717458495831093e-12,3.744901466639709e-13,3.945195362453122e-12,True,True,,,476.4,1.9
E1,aspera,sift,clahe,0,0,,homography,0.0,5,1.0,0.0,0.0,0.0,0.75,,,3.0,42,6559,6057,3805,3733,0.981078,0.030839153401862933,0.007847115100564229,0.053833479803519366,True,True,,,468.1,1.8
E1,aspera,sift,clahe,0,0,,homography,0.0,15,1.0,0.0,0.0,0.0,0.75,,,3.0,42,6559,5711,3504,3427,0.978025,0.09778146354350362,0.024880786743035125,0.11567600734486368,True,True,,,459.0,1.3
E1,aspera,sift,clahe,0,0,,homography,0.0,30,1.0,0.0,0.0,0.0,0.75,,,3.0,42,6559,5200,3423,3332,0.973415,0.18605301013134343,0.04734174658695073,0.2226298044237989,True,True,,,449.8,1.5
E1,aspera,sift,clahe,0,0,,homography,0.0,45,1.0,0.0,0.0,0.0,0.75,,,3.0,42,6559,5069,3175,3079,0.969764,0.2706246689878463,0.06886125889796446,0.28462718575084067,True,True,,,455.5,3.9
E1,aspera,sift,clahe,0,0,,homography,0.0,90,1.0,0.0,0.0,0.0,0.75,,,3.0,42,6559,6566,5818,5800,0.996906,0.5007613375882334,0.12742022463333874,0.5056882532239839,True,True,,,478.6,2.2
E1,aspera,sift,sauvola,0,0,,homography,0.0,15,1.15,30,20,0.0,0.75,,,3.0,42,3750,2661,698,432,0.618911,0.11968390396745879,0.03045392841623179,0.23957923776959777,True,True,,,357.5,1.3
E1,aspera,sift,sauvola,0,0,,homography,0.25,15,1.15,30,20,0.0,0.75,,,3.0,42,3750,2922,724,419,0.578729,0.10149336894490571,0.02582529220813809,0.1771929789968193,True,True,,,398.0,1.6
E1,aspera,sift,sauvola,0,0,,homography,0.5,15,1.15,30,20,0.0,0.75,,,3.0,42,3750,3130,516,284,0.550388,0.17116369169449955,0.04355311484274049,0.3039625381557628,True,True,,,367.4,2.6
E1,aspera,sift,sauvola,0,0,,homography,0.75,15,1.15,30,20,0.0,0.75,,,3.0,42,3750,1622,297,130,0.43771,0.30741370829423753,0.07822234031659361,0.5659425884053332,True,True,,,349.5,3.4
E1,aspera,sift,sauvola,0,0,,homography,1.0,15,1.15,30,20,0.0,0.75,,,3.0,42,3750,6554,145,74,0.510345,0.47249977722309255,0.12022898581374757,1.0704201612111772,True,True,,,424.5,2.4
E1,aspera,sift,sauvola,0,0,,homography,1.1,15,1.15,30,20,0.0,0.75,,,3.0,42,3750,14672,95,36,0.378947,1.1237169413695933,0.28593314688231714,3.099443169801992,True,False,,,528.4,7.1
E1,aspera,sift,sauvola,0,0,,homography,1.2,15,1.15,30,20,0.0,0.75,,,3.0,42,3750,18466,84,25,0.297619,0.7173612195939087,0.18253471440932886,2.0376699365336655,True,True,,,580.0,15.4
E1,aspera,sift,sauvola,0,0,,homography,1.3,15,1.15,30,20,0.0,0.75,,,3.0,42,3750,19520,137,80,0.583942,713.914476119622,181.65768019206618,1186.0678452083082,True,False,,,578.4,1.6
E1,aspera,sift,sauvola,0,0,,homography,1.4,15,1.15,30,20,0.0,0.75,,,3.0,42,3750,19393,21,9,0.428571,539.6753186289931,137.32200385110318,985.2668030369988,True,False,,,577.6,4.0
E1,aspera,sift,sauvola,0,0,,homography,1.5,15,1.15,30,20,0.0,0.75,,,,42,3750,17842,2,0,0.0,,,,False,False,"solo 2 corrispondenze, ne servono almeno 4",,570.6,0.0
E1,aspera,sift,sauvola,0,0,,homography,0.0,0,1.0,0.0,0.0,0.0,0.75,,,3.0,42,3750,3750,3738,3738,1.0,9.352885663558381e-13,2.379869815749421e-13,1.9830380879071725e-12,True,True,,,382.5,1.4
E1,aspera,sift,sauvola,0,0,,homography,0.0,5,1.0,0.0,0.0,0.0,0.75,,,3.0,42,3750,3514,917,617,0.672846,0.06505787841610801,0.01655417233661393,0.1678111770130254,True,True,,,372.5,1.3
E1,aspera,sift,sauvola,0,0,,homography,0.0,15,1.0,0.0,0.0,0.0,0.75,,,3.0,42,3750,3156,847,543,0.641086,0.10298369139950084,0.026204509227677183,0.14018021015424376,True,True,,,369.4,1.5
E1,aspera,sift,sauvola,0,0,,homography,0.0,30,1.0,0.0,0.0,0.0,0.75,,,3.0,42,3750,3006,788,519,0.658629,0.21349331790080436,0.05432401521981337,0.3178091623747358,True,True,,,398.7,1.2
E1,aspera,sift,sauvola,0,0,,homography,0.0,45,1.0,0.0,0.0,0.0,0.75,,,3.0,42,3750,3054,834,504,0.604317,0.28181468829001527,0.07170859287945926,0.4355755622201272,True,True,,,369.7,1.3
E1,aspera,sift,sauvola,0,0,,homography,0.0,90,1.0,0.0,0.0,0.0,0.75,,,3.0,42,3750,3767,3547,3532,0.995771,0.49808594212095786,0.12673946223050409,0.5010173573009623,True,True,,,373.8,1.9
E1,aspera,orb,none,0,0,,homography,0.0,15,1.15,30,20,0.0,,,,3.0,42,4970,4888,2742,2284,0.832969,0.3832003142587226,0.09750646956407473,1.155957674459741,True,True,,,115.0,1.5
E1,aspera,orb,none,0,0,,homography,0.25,15,1.15,30,20,0.0,,,,3.0,42,4970,4667,2633,1959,0.744018,0.6202675648968549,0.15782894269069941,1.4342293064777276,True,True,,,107.0,1.5
E1,aspera,orb,none,0,0,,homography,0.5,15,1.15,30,20,0.0,,,,3.0,42,4970,4288,2359,1541,0.653243,1.1451235082182858,0.29138011203666747,3.4509532536614658,True,False,,,103.5,2.0
E1,aspera,orb,none,0,0,,homography,0.75,15,1.15,30,20,0.0,,,,3.0,42,4970,3853,1857,1290,0.694669,0.46042206633638527,0.11715577604549224,1.090906890809264,True,True,,,95.1,1.2
E1,aspera,orb,none,0,0,,homography,1.0,15,1.15,30,20,0.0,,,,3.0,42,4970,3524,1180,594,0.50339,0.5403582424100063,0.13749577585595332,1.1857311785513323,True,True,,,97.0,3.4
E1,aspera,orb,none,0,0,,homography,1.1,15,1.15,30,20,0.0,,,,3.0,42,4970,3361,950,345,0.363158,0.8505776364727962,0.21643203133341238,2.2373295240246125,True,True,,,109.2,9.1
E1,aspera,orb,none,0,0,,homography,1.2,15,1.15,30,20,0.0,,,,3.0,42,4970,3242,780,237,0.303846,1.0531852620103135,0.26798614947431026,2.5457217105809975,True,False,,,106.4,16.1
E1,aspera,orb,none,0,0,,homography,1.3,15,1.15,30,20,0.0,,,,3.0,42,4970,3155,658,131,0.199088,1.671374388022135,0.42528622715539627,5.108732940456648,True,False,,,97.1,90.9
E1,aspera,orb,none,0,0,,homography,1.4,15,1.15,30,20,0.0,,,,3.0,42,4970,3172,590,44,0.074576,5.0284897794739924,1.2795143098564956,10.865339064654673,True,False,,,102.9,136.2
E1,aspera,orb,none,0,0,,homography,1.5,15,1.15,30,20,0.0,,,,3.0,42,4970,3313,610,6,0.009836,9785.132830513045,2489.8564041225354,94965.57603993468,True,False,,,135.7,127.7
E1,aspera,orb,none,0,0,,homography,0.0,0,1.0,0.0,0.0,0.0,,,,3.0,42,4970,4970,4970,4970,1.0,9.656163367223032e-13,2.457039737280002e-13,3.4812316032131562e-12,True,True,,,124.1,1.4
E1,aspera,orb,none,0,0,,homography,0.0,5,1.0,0.0,0.0,0.0,,,,3.0,42,4970,4935,3659,2844,0.777262,0.3127177230000416,0.07957196277052958,1.102367991911531,True,True,,,120.3,1.9
E1,aspera,orb,none,0,0,,homography,0.0,15,1.0,0.0,0.0,0.0,,,,3.0,42,4970,4937,3316,2657,0.801267,0.3307661915345705,0.08416444973454607,1.1993915892084042,True,True,,,121.4,1.7
E1,aspera,orb,none,0,0,,homography,0.0,30,1.0,0.0,0.0,0.0,,,,3.0,42,4970,4953,3297,3026,0.917804,0.23954391744198983,0.060952668424866636,0.3971998513249508,True,True,,,120.3,1.5
E1,aspera,orb,none,0,0,,homography,0.0,45,1.0,0.0,0.0,0.0,,,,3.0,42,4970,4934,3236,2757,0.851978,0.49128142579555556,0.12500803263795648,1.284602557671564,True,True,,,117.7,1.9
E1,aspera,orb,none,0,0,,homography,0.0,90,1.0,0.0,0.0,0.0,,,,3.0,42,4970,4965,4195,3439,0.819785,0.4347113683527141,0.11061361181145316,0.8555389444621769,True,True,,,118.4,2.3
E1,aspera,orb,clahe,0,0,,homography,0.0,15,1.15,30,20,0.0,,,,3.0,42,5000,5000,2776,2061,0.742435,0.6909084510925894,0.17580372810586262,2.118512689786056,True,True,,,123.8,2.4
E1,aspera,orb,clahe,0,0,,homography,0.25,15,1.15,30,20,0.0,,,,3.0,42,5000,5000,2724,2268,0.832599,0.14966673839698466,0.038083150585327935,0.31408146514540214,True,True,,,124.7,1.7
E1,aspera,orb,clahe,0,0,,homography,0.5,15,1.15,30,20,0.0,,,,3.0,42,5000,4990,2348,1531,0.652044,0.8863753985659573,0.2255408792913035,2.3052794570999113,True,True,,,131.6,2.4
E1,aspera,orb,clahe,0,0,,homography,0.75,15,1.15,30,20,0.0,,,,3.0,42,5000,4960,1907,1151,0.603566,0.8339892174540737,0.2122110583488414,2.2367642695917302,True,True,,,133.0,1.8
E1,aspera,orb,clahe,0,0,,homography,1.0,15,1.15,30,20,0.0,,,,3.0,42,5000,4914,1512,651,0.430556,1.0906197178646002,0.2775114590698011,3.0167115658771375,True,False,,,134.3,4.4
E1,aspera,orb,clahe,0,0,,homography,1.1,15,1.15,30,20,0.0,,,,3.0,42,5000,4881,1372,594,0.432945,0.8700217250009528,0.22137963799166743,2.287573250902097,True,True,,,133.7,4.5
E1,aspera,orb,clahe,0,0,,homography,1.2,15,1.15,30,20,0.0,,,,3.0,42,5000,4883,1170,381,0.325641,1.10301710970832,0.2806660126166111,2.7592542349271305,True,False,,,138.5,13.5
E1,aspera,orb,clahe,0,0,,homography,1.3,15,1.15,30,20,0.0,,,,3.0,42,5000,4853,1108,273,0.24639,0.8620373645803501,0.2193479935295638,2.4009056042668413,True,True,,,136.8,37.2
E1,aspera,orb,clahe,0,0,,homography,1.4,15,1.15,30,20,0.0,,,,3.0,42,5000,4845,977,138,0.141249,2.034757337702581,0.5177501088504348,6.238064758667727,True,False,,,139.8,128.5
E1,aspera,orb,clahe,0,0,,homography,1.5,15,1.15,30,20,0.0,,,,3.0,42,5000,4811,896,92,0.102679,2.0550876692060043,0.5229232226924754,5.22834110402732,True,False,,,158.2,128.8
E1,aspera,orb,clahe,0,0,,homography,0.0,0,1.0,0.0,0.0,0.0,,,,3.0,42,5000,5000,5000,5000,1.0,4.922892161874572e-13,1.2526446792654704e-13,1.5993526242931683e-12,True,True,,,127.2,1.4
E1,aspera,orb,clahe,0,0,,homography,0.0,5,1.0,0.0,0.0,0.0,,,,3.0,42,5000,5000,3687,3463,0.939246,0.08645912990901292,0.021999784982738062,0.24229824935593877,True,True,,,125.6,2.1
E1,aspera,orb,clahe,0,0,,homography,0.0,15,1.0,0.0,0.0,0.0,,,,3.0,42,5000,5000,3400,3021,0.888529,0.2009285418823904,0.051126870267599885,0.4953324340189499,True,True,,,149.8,2.4
E1,aspera,orb,clahe,0,0,,homography,0.0,30,1.0,0.0,0.0,0.0,,,,3.0,42,5000,5000,3306,2861,0.865396,0.2968811886759396,0.07554230910215885,0.8148879471410404,True,True,,,126.9,1.8
E1,aspera,orb,clahe,0,0,,homography,0.0,45,1.0,0.0,0.0,0.0,,,,3.0,42,5000,5000,3228,2983,0.924102,0.276789213633866,0.0704298457767781,0.40013591166132,True,True,,,124.8,1.4
E1,aspera,orb,clahe,0,0,,homography,0.0,90,1.0,0.0,0.0,0.0,,,,3.0,42,5000,5000,4223,3613,0.855553,0.5256039172346006,0.13374149355209583,1.1263627882955065,True,True,,,129.6,2.1
E1,aspera,orb,sauvola,0,0,,homography,0.0,15,1.15,30,20,0.0,,,,3.0,42,4325,4299,2065,1347,0.6523,0.7013121473105383,0.1784509798196084,2.335239587069681,True,True,,,100.2,1.4
E1,aspera,orb,sauvola,0,0,,homography,0.25,15,1.15,30,20,0.0,,,,3.0,42,4325,4513,2012,1321,0.656561,0.3957950035637363,0.1007112260418034,1.3035343057437505,True,True,,,101.4,1.6
E1,aspera,orb,sauvola,0,0,,homography,0.5,15,1.15,30,20,0.0,,,,3.0,42,4325,5000,1881,1231,0.654439,0.30847582110601446,0.0784925981078887,0.8511334321280057,True,True,,,111.7,1.5
E1,aspera,orb,sauvola,0,0,,homography,0.75,15,1.15,30,20,0.0,,,,3.0,42,4325,5000,1409,628,0.445706,0.6782573256554979,0.1725846112850184,1.8149857847332653,True,True,,,112.3,4.4
E1,aspera,orb,sauvola,0,0,,homography,1.0,15,1.15,30,20,0.0,,,,3.0,42,4325,5000,1184,318,0.268581,1.111982443284376,0.2829472686410393,2.629897023047276,True,False,,,124.6,26.8
E1,aspera,orb,sauvola,0,0,,homography,1.1,15,1.15,30,20,0.0,,,,3.0,42,4325,5000,1133,222,0.19594,1.2651290023124933,0.3219158700254208,3.7429604953939815,True,False,,,136.5,91.9
E1,aspera,orb,sauvola,0,0,,homography,1.2,15,1.15,30,20,0.0,,,,3.0,42,4325,5000,1104,156,0.141304,0.9954552229784596,0.25329656785253796,3.230153510786867,True,True,,,142.4,129.7
E1,aspera,orb,sauvola,0,0,,homography,1.3,15,1.15,30,20,0.0,,,,3.0,42,4325,5000,993,90,0.090634,2.0804978114267176,0.5293889096109625,3.991920508126751,True,False,,,149.6,128.1
E1,aspera,orb,sauvola,0,0,,homography,1.4,15,1.15,30,20,0.0,,,,3.0,42,4325,5000,1033,11,0.010649,14.700827694950494,3.740669709463238,39.858414878694155,True,False,,,137.8,132.7
E1,aspera,orb,sauvola,0,0,,homography,1.5,15,1.15,30,20,0.0,,,,3.0,42,4325,5000,1049,7,0.006673,700.5953800480213,178.26859623935914,1257.9451148582,True,False,,,140.6,126.8
E1,aspera,orb,sauvola,0,0,,homography,0.0,0,1.0,0.0,0.0,0.0,,,,3.0,42,4325,4325,4325,4325,1.0,7.318600526031461e-13,1.862239859650283e-13,1.9093382014794353e-12,True,True,,,103.3,1.5
E1,aspera,orb,sauvola,0,0,,homography,0.0,5,1.0,0.0,0.0,0.0,,,,3.0,42,4325,4229,2547,1811,0.711033,0.6317052924353351,0.1607393067760483,2.150420169219179,True,True,,,102.1,1.4
E1,aspera,orb,sauvola,0,0,,homography,0.0,15,1.0,0.0,0.0,0.0,,,,3.0,42,4325,4265,2328,1536,0.659794,0.8168398669647926,0.20784735466879237,1.9673519170910931,True,True,,,100.7,1.5
E1,aspera,orb,sauvola,0,0,,homography,0.0,30,1.0,0.0,0.0,0.0,,,,3.0,42,4325,4276,2295,1778,0.774728,0.3757558878111522,0.09561221292121111,0.7484528972725382,True,True,,,105.9,1.8
E1,aspera,orb,sauvola,0,0,,homography,0.0,45,1.0,0.0,0.0,0.0,,,,3.0,42,4325,4230,2230,1614,0.723767,0.5530338058078339,0.14072111098922074,1.413612109905282,True,True,,,98.7,2.2
E1,aspera,orb,sauvola,0,0,,homography,0.0,90,1.0,0.0,0.0,0.0,,,,3.0,42,4325,4323,3293,3004,0.912238,0.5444550700657809,0.13853822594344814,0.6638428319595863,True,True,,,101.3,1.7
E2,tassarole,sift,clahe,0,0,18,similarity,,,,,,,0.75,,,3.0,42,4727,164,47,12,0.255319,543.8644889797544,138.38795081436544,944.8052073218704,True,False,,0.1,447.5,15.5
E2,tassarole,sift,clahe,0,0,18,affine,,,,,,,0.75,,,3.0,42,4727,164,47,6,0.12766,1315.8724724459717,334.8276982312948,2679.593128126057,True,False,,0.0,463.9,2.2
E2,tassarole,sift,clahe,0,0,18,homography,,,,,,,0.75,,,3.0,42,4727,164,47,12,0.255319,547.7977058281595,139.38876964109264,947.4092043297392,True,False,,0.0,477.8,29.1
E2,tassarole,sift,sauvola,0,0,18,similarity,,,,,,,0.75,,,3.0,42,3160,1388,85,5,0.058824,2.4987451956993496,0.6358132112812865,4.333636922961862,True,True,,0.0,461.9,0.8
E2,tassarole,sift,sauvola,0,0,18,affine,,,,,,,0.75,,,3.0,42,3160,1388,85,6,0.070588,145.6922233631161,37.07182331141498,283.61442273207143,True,False,,0.0,456.8,1.9
E2,tassarole,sift,sauvola,0,0,18,homography,,,,,,,0.75,,,3.0,42,3160,1388,85,9,0.105882,712.801606364547,181.37450714427806,1275.1226128230055,True,False,,0.0,468.0,124.9
E2,tassarole,sift,sauvola+close,0,1,18,similarity,,,,,,,0.75,,,3.0,42,2992,1457,100,8,0.08,639.3570613824274,162.6863223399428,1185.796017114873,True,False,,0.0,462.9,0.8
E2,tassarole,sift,sauvola+close,0,1,18,affine,,,,,,,0.75,,,3.0,42,2992,1457,100,8,0.08,1997.8014802720918,508.3465800596745,3643.0561962839324,True,False,,0.0,465.0,3.0
E2,tassarole,sift,sauvola+close,0,1,18,homography,,,,,,,0.75,,,3.0,42,2992,1457,100,13,0.13,680.8942135665377,173.2555753246462,1218.9885772750804,True,False,,0.0,523.1,134.4
E2,tassarole,orb,clahe,0,0,18,similarity,,,,,,,,,,3.0,42,5000,5000,737,6,0.008141,564.4800746133151,143.63364842558187,1014.6086452518723,True,False,,0.1,866.3,10.6
E2,tassarole,orb,clahe,0,0,18,affine,,,,,,,,,,3.0,42,5000,5000,737,7,0.009498,564.3773794435438,143.60751733154802,1013.8640134144073,True,False,,0.0,153.4,8.3
E2,tassarole,orb,clahe,0,0,18,homography,,,,,,,,,,3.0,42,5000,5000,737,10,0.013569,561.8905384223792,142.97473317318966,1006.8602909142645,True,False,,0.0,149.0,131.9
E2,tassarole,orb,sauvola,0,0,18,similarity,,,,,,,,,,3.0,42,4296,4051,671,32,0.04769,6.2615740522122065,1.5932763023075525,11.260658420008024,True,True,,0.0,112.5,3.8
E2,tassarole,orb,sauvola,0,0,18,affine,,,,,,,,,,3.0,42,4296,4051,671,31,0.0462,6.979464447459549,1.7759456670494245,12.102493539249638,True,True,,0.0,103.4,7.3
E2,tassarole,orb,sauvola,0,0,18,homography,,,,,,,,,,3.0,42,4296,4051,671,10,0.014903,8.363028761094782,2.1279977573468503,25.094963086724217,True,False,,0.0,101.4,120.7
E2,tassarole,orb,sauvola+close,0,1,18,similarity,,,,,,,,,,3.0,42,4283,4041,636,30,0.04717,0.8637455610224748,0.21978264923885177,1.5069980638045588,True,True,,0.0,97.9,3.0
E2,tassarole,orb,sauvola+close,0,1,18,affine,,,,,,,,,,3.0,42,4283,4041,636,8,0.012579,248.096962620826,63.12901642975703,460.83551456911397,True,False,,0.0,99.0,7.1
E2,tassarole,orb,sauvola+close,0,1,18,homography,,,,,,,,,,3.0,42,4283,4041,636,12,0.018868,101.02304359034612,25.70561651069434,263.187236803666,True,False,,0.0,100.5,120.2
E2,tassarole,sift,clahe,0,0,18+12,similarity,,,,,,,0.75,,,3.0,42,4727,297,51,9,0.176471,573.2874739863364,145.87471761824526,1048.755244481022,True,False,,0.0,473.5,0.3
E2,tassarole,sift,clahe,0,0,18+12,affine,,,,,,,0.75,,,3.0,42,4727,297,51,6,0.117647,4184.267062865188,1064.6993069472355,10154.833296448129,True,False,,0.0,469.5,1.2
E2,tassarole,sift,clahe,0,0,18+12,homography,,,,,,,0.75,,,3.0,42,4727,297,51,12,0.235294,573.2921104604152,145.87589738298402,1048.798794244607,True,False,,0.0,488.7,41.0
E2,tassarole,sift,sauvola,0,0,18+12,similarity,,,,,,,0.75,,,3.0,42,3160,1539,128,13,0.101562,646.9885260132644,164.62817140965316,1198.5780943885165,True,False,,0.0,492.2,0.5
E2,tassarole,sift,sauvola,0,0,18+12,affine,,,,,,,0.75,,,3.0,42,3160,1539,128,7,0.054688,1529.750259683031,389.2495428271262,2989.8246354450725,True,False,,0.0,458.9,2.4
E2,tassarole,sift,sauvola,0,0,18+12,homography,,,,,,,0.75,,,3.0,42,3160,1539,128,19,0.148438,536.5396214802737,136.52411630452008,911.1073130236232,True,False,,0.0,464.9,119.2
E2,tassarole,sift,sauvola+close,0,1,18+12,similarity,,,,,,,0.75,,,3.0,42,2992,1632,125,11,0.088,646.9885260132644,164.62817140965316,1198.5780943885165,True,False,,0.0,465.1,0.6
E2,tassarole,sift,sauvola+close,0,1,18+12,affine,,,,,,,0.75,,,3.0,42,2992,1632,125,8,0.064,648.770552580837,165.0816134158517,1385.8466251917903,True,False,,0.0,496.2,3.6
E2,tassarole,sift,sauvola+close,0,1,18+12,homography,,,,,,,0.75,,,3.0,42,2992,1632,125,13,0.104,529.2637551120906,134.67275027953679,857.0017693370337,True,False,,0.0,470.4,115.4
E2,tassarole,orb,clahe,0,0,18+12,similarity,,,,,,,,,,3.0,42,5000,5000,872,14,0.016055,1.8632595950721942,0.474111993744905,3.3715326831024424,True,True,,0.0,128.6,9.2
E2,tassarole,orb,clahe,0,0,18+12,affine,,,,,,,,,,3.0,42,5000,5000,872,8,0.009174,571.6949604917759,145.46949778201383,1029.9450486119756,True,False,,0.0,126.0,9.2
E2,tassarole,orb,clahe,0,0,18+12,homography,,,,,,,,,,3.0,42,5000,5000,872,8,0.009174,925.0292721186131,235.37647337839743,7564.408151874255,True,False,,0.0,125.4,124.4
E2,tassarole,orb,sauvola,0,0,18+12,similarity,,,,,,,,,,3.0,42,4296,4088,792,38,0.04798,1.8572317527358857,0.4725781911789043,3.245888391190367,True,True,,0.0,101.2,3.5
E2,tassarole,orb,sauvola,0,0,18+12,affine,,,,,,,,,,3.0,42,4296,4088,792,25,0.031566,3.7790308790543095,0.9615857442680061,6.962575003760117,True,True,,0.0,113.6,7.6
E2,tassarole,orb,sauvola,0,0,18+12,homography,,,,,,,,,,3.0,42,4296,4088,792,18,0.022727,14.940936745700828,3.8017661777538128,42.45228840600115,True,False,,0.0,105.8,123.7
E2,tassarole,orb,sauvola+close,0,1,18+12,similarity,,,,,,,,,,3.0,42,4283,4069,755,29,0.038411,1.37628885799232,0.3502008287827198,2.1809504048733412,True,True,,0.0,99.3,7.3
E2,tassarole,orb,sauvola+close,0,1,18+12,affine,,,,,,,,,,3.0,42,4283,4069,755,9,0.011921,69.54942904319084,17.69706086832704,148.76930198655327,True,False,,0.0,97.9,7.3
E2,tassarole,orb,sauvola+close,0,1,18+12,homography,,,,,,,,,,3.0,42,4283,4069,755,16,0.021192,16.395983119717314,4.1720070927614294,52.139665028342776,True,False,,0.0,101.5,124.3
E2,cannei,sift,clahe,0,0,18,similarity,,,,,,,0.75,,,3.0,42,7201,217,172,36,0.209302,669.0040287431818,170.23008212578884,1237.9070581999922,True,False,,0.0,513.8,0.2
E2,cannei,sift,clahe,0,0,18,affine,,,,,,,0.75,,,3.0,42,7201,217,172,8,0.046512,948.1287373940861,241.25420161613738,1735.2984582138772,True,False,,0.0,509.9,3.0
E2,cannei,sift,clahe,0,0,18,homography,,,,,,,0.75,,,3.0,42,7201,217,172,36,0.209302,726.7597106143224,184.92618864494617,2937.310064904697,True,False,,0.0,533.7,77.2
E2,cannei,sift,sauvola,0,0,18,similarity,,,,,,,0.75,,,3.0,42,4620,2202,179,20,0.111732,676.7769120002952,172.2079155892111,1250.432732510481,True,False,,0.0,494.1,0.8
E2,cannei,sift,sauvola,0,0,18,affine,,,,,,,0.75,,,3.0,42,4620,2202,179,14,0.078212,2.4177192396120515,0.6151959136770053,4.406985223493443,True,True,,0.0,488.6,3.4
E2,cannei,sift,sauvola,0,0,18,homography,,,,,,,0.75,,,3.0,42,4620,2202,179,23,0.128492,675.9845846203692,172.0063055104068,1246.8802767711163,True,False,,0.0,501.0,117.8
E2,cannei,sift,sauvola+close,0,1,18,similarity,,,,,,,0.75,,,3.0,42,4340,2244,154,14,0.090909,2.473167692511186,0.6293049388625487,4.364833807427354,True,True,,0.0,489.0,0.6
E2,cannei,sift,sauvola+close,0,1,18,affine,,,,,,,0.75,,,3.0,42,4340,2244,154,14,0.090909,22.023798771293446,5.604021668751931,50.886598158640545,True,False,,0.0,481.2,2.6
E2,cannei,sift,sauvola+close,0,1,18,homography,,,,,,,0.75,,,3.0,42,4340,2244,154,16,0.103896,35.03934074482632,8.91586537054329,92.05667485044123,True,False,,0.0,482.8,114.2
E2,cannei,orb,clahe,0,0,18,similarity,,,,,,,,,,3.0,42,5000,5000,685,30,0.043796,2.1920243119466836,0.5577671622477695,3.8132103589686146,True,True,,0.0,134.9,3.7
E2,cannei,orb,clahe,0,0,18,affine,,,,,,,,,,3.0,42,5000,5000,685,9,0.013139,342.9438374062128,87.26308825952307,705.166676799384,True,False,,0.0,132.9,6.6
E2,cannei,orb,clahe,0,0,18,homography,,,,,,,,,,3.0,42,5000,5000,685,11,0.016058,207.959893204049,52.91601870544988,661.9317551672489,True,False,,0.0,130.2,123.1
E2,cannei,orb,sauvola,0,0,18,similarity,,,,,,,,,,3.0,42,4575,4167,727,44,0.060523,1.8602351264892811,0.47334240864057703,3.3382504139698725,True,True,,0.0,110.7,3.3
E2,cannei,orb,sauvola,0,0,18,affine,,,,,,,,,,3.0,42,4575,4167,727,26,0.035763,22.02968436650682,5.60551927611076,48.42230627497515,True,False,,0.0,113.9,7.0
E2,cannei,orb,sauvola,0,0,18,homography,,,,,,,,,,3.0,42,4575,4167,727,25,0.034388,4.25621717503663,1.0830072288395955,9.859500261055107,True,True,,0.0,108.7,122.7
E2,cannei,orb,sauvola+close,0,1,18,similarity,,,,,,,,,,3.0,42,4556,4138,735,50,0.068027,2.005186907917784,0.5102258242804039,3.1374669985241597,True,True,,0.0,110.6,1.8
E2,cannei,orb,sauvola+close,0,1,18,affine,,,,,,,,,,3.0,42,4556,4138,735,32,0.043537,5.28506003698082,1.3447993815898804,12.617195835154604,True,True,,0.0,112.0,8.2
E2,cannei,orb,sauvola+close,0,1,18,homography,,,,,,,,,,3.0,42,4556,4138,735,27,0.036735,8.341509921483242,2.1225222240511754,29.47658334386271,True,False,,0.0,111.4,126.9
E2,cannei,sift,clahe,0,0,18+12,similarity,,,,,,,0.75,,,3.0,42,7201,432,131,38,0.290076,663.6527003575329,168.8684205640753,1188.524265760144,True,False,,0.0,488.8,0.1
E2,cannei,sift,clahe,0,0,18+12,affine,,,,,,,0.75,,,3.0,42,7201,432,131,7,0.053435,1169.9747042759273,297.7035734271225,2344.451969169717,True,False,,0.0,471.5,3.3
E2,cannei,sift,clahe,0,0,18+12,homography,,,,,,,0.75,,,3.0,42,7201,432,131,29,0.221374,663.7574925088403,168.89508524135192,1188.1926948342077,True,False,,0.0,485.8,54.0
E2,cannei,sift,sauvola,0,0,18+12,similarity,,,,,,,0.75,,,3.0,42,4620,3065,167,21,0.125749,0.8951408535977062,0.22777127562049712,1.6228109307439247,True,True,,0.0,511.0,0.7
E2,cannei,sift,sauvola,0,0,18+12,affine,,,,,,,0.75,,,3.0,42,4620,3065,167,22,0.131737,1.1913049183926596,0.3031311103997674,1.9559432541700024,True,True,,0.0,501.0,1.3
E2,cannei,sift,sauvola,0,0,18+12,homography,,,,,,,0.75,,,3.0,42,4620,3065,167,19,0.113772,1.5475744309496156,0.3937849566784225,2.7248284542226022,True,True,,0.0,546.1,121.0
E2,cannei,sift,sauvola+close,0,1,18+12,similarity,,,,,,,0.75,,,3.0,42,4340,3126,125,10,0.08,1.662793887372184,0.4231028930235143,2.638941376152147,True,True,,0.0,501.7,0.6
E2,cannei,sift,sauvola+close,0,1,18+12,affine,,,,,,,0.75,,,3.0,42,4340,3126,125,12,0.096,4.7938958566371985,1.219821182408905,10.077851558311467,True,True,,0.0,527.1,2.3
E2,cannei,sift,sauvola+close,0,1,18+12,homography,,,,,,,0.75,,,3.0,42,4340,3126,125,13,0.104,106.37234817406417,27.06676310993515,324.43064361793256,True,False,,0.0,507.8,117.9
E2,cannei,orb,clahe,0,0,18+12,similarity,,,,,,,,,,3.0,42,5000,5002,817,38,0.046512,1.0479498518782617,0.26665398365997933,1.8801819057106297,True,True,,0.0,169.0,4.5
E2,cannei,orb,clahe,0,0,18+12,affine,,,,,,,,,,3.0,42,5000,5002,817,12,0.014688,132.88349894679655,33.81260495750922,317.8298543719299,True,False,,0.0,138.3,8.6
E2,cannei,orb,clahe,0,0,18+12,homography,,,,,,,,,,3.0,42,5000,5002,817,9,0.011016,2915.671413488277,741.9013381763325,26437.30736089963,True,False,,0.0,136.3,127.6
E2,cannei,orb,sauvola,0,0,18+12,similarity,,,,,,,,,,3.0,42,4575,4237,836,65,0.077751,1.1086864557933072,0.2821085947359744,2.039119635761456,True,True,,0.0,123.3,2.1
E2,cannei,orb,sauvola,0,0,18+12,affine,,,,,,,,,,3.0,42,4575,4237,836,53,0.063397,1.253208105912587,0.3188825621737755,2.3972984277390954,True,True,,0.0,114.3,8.8
E2,cannei,orb,sauvola,0,0,18+12,homography,,,,,,,,,,3.0,42,4575,4237,836,71,0.084928,2.777194629526539,0.7066655050669164,7.164579313139278,True,True,,0.0,115.2,125.0
E2,cannei,orb,sauvola+close,0,1,18+12,similarity,,,,,,,,,,3.0,42,4556,4181,804,57,0.070896,2.1812453623288213,0.5550244261806555,3.7497180665297476,True,True,,0.0,112.3,1.7
E2,cannei,orb,sauvola+close,0,1,18+12,affine,,,,,,,,,,3.0,42,4556,4181,804,66,0.08209,1.784151939823975,0.45398281354402986,4.015174140601709,True,True,,0.0,121.2,8.8
E2,cannei,orb,sauvola+close,0,1,18+12,homography,,,,,,,,,,3.0,42,4556,4181,804,38,0.047264,5.112814835285128,1.3009710732828066,17.758999277313894,True,True,,0.0,112.4,128.5
E2,ribba,sift,clahe,0,0,18,similarity,,,,,,,0.75,,,3.0,42,8279,297,105,23,0.219048,1042.394853769409,265.2404977261874,1727.0329859070662,True,False,,0.0,499.9,0.2
E2,ribba,sift,clahe,0,0,18,affine,,,,,,,0.75,,,3.0,42,8279,297,105,8,0.07619,989.302407882058,251.73096559281328,1788.8973782605262,True,False,,0.0,493.8,3.9
E2,ribba,sift,clahe,0,0,18,homography,,,,,,,0.75,,,3.0,42,8279,297,105,20,0.190476,1042.2798059444888,265.211223461993,1726.889764954401,True,False,,0.0,496.2,92.6
E2,ribba,sift,sauvola,0,0,18,similarity,,,,,,,0.75,,,3.0,42,5077,2792,168,11,0.065476,926.0500733152022,235.63621930527313,1585.7190733270654,True,False,,0.0,503.5,0.9
E2,ribba,sift,sauvola,0,0,18,affine,,,,,,,0.75,,,3.0,42,5077,2792,168,9,0.053571,6.193130299010064,1.5758605839740076,12.241618224282917,True,True,,0.0,502.5,2.9
E2,ribba,sift,sauvola,0,0,18,homography,,,,,,,0.75,,,3.0,42,5077,2792,168,13,0.077381,945.072758090141,240.4765985143106,1796.0891945397254,True,False,,0.0,503.1,116.1
E2,ribba,sift,sauvola+close,0,1,18,similarity,,,,,,,0.75,,,3.0,42,4742,2900,189,41,0.216931,925.9044765904885,235.59917178187953,1585.5729575803903,True,False,,0.0,501.3,0.3
E2,ribba,sift,sauvola+close,0,1,18,affine,,,,,,,0.75,,,3.0,42,4742,2900,189,9,0.047619,26.576033688558233,6.762351500154708,52.93284536409137,True,False,,0.0,527.4,3.1
E2,ribba,sift,sauvola+close,0,1,18,homography,,,,,,,0.75,,,3.0,42,4742,2900,189,25,0.132275,925.8927596969066,235.59619038315697,1585.5877034357538,True,False,,0.0,499.3,117.7
E2,ribba,orb,clahe,0,0,18,similarity,,,,,,,,,,3.0,42,5000,5000,716,16,0.022346,3.8934836390750025,0.9907085924135516,7.139365227105958,True,True,,0.0,145.5,9.3
E2,ribba,orb,clahe,0,0,18,affine,,,,,,,,,,3.0,42,5000,5000,716,11,0.015363,408.9647048458726,104.06229604214681,801.753150413842,True,False,,0.0,144.5,7.3
E2,ribba,orb,clahe,0,0,18,homography,,,,,,,,,,3.0,42,5000,5000,716,13,0.018156,206.4868508232975,52.541198652540515,424.4207769113812,True,False,,0.0,139.7,129.0
E2,ribba,orb,sauvola,0,0,18,similarity,,,,,,,,,,3.0,42,4512,4182,739,53,0.071719,1.9021156644603368,0.48399903716892606,2.4921177216485524,True,True,,0.0,117.7,1.7
E2,ribba,orb,sauvola,0,0,18,affine,,,,,,,,,,3.0,42,4512,4182,739,39,0.052774,2.696352820279272,0.6860950641785216,5.964668590669676,True,True,,0.0,116.7,8.2
E2,ribba,orb,sauvola,0,0,18,homography,,,,,,,,,,3.0,42,4512,4182,739,35,0.047361,3.1134647810424294,0.7922304539305892,7.7371967664045656,True,True,,0.0,122.3,123.1
E2,ribba,orb,sauvola+close,0,1,18,similarity,,,,,,,,,,3.0,42,4501,4141,713,45,0.063114,0.9776357192445301,0.2487623416689284,1.4410800267945199,True,True,,0.0,116.1,1.9
E2,ribba,orb,sauvola+close,0,1,18,affine,,,,,,,,,,3.0,42,4501,4141,713,38,0.053296,2.9520972440371627,0.7511700000369881,6.78621527903848,True,True,,0.0,118.7,6.9
E2,ribba,orb,sauvola+close,0,1,18,homography,,,,,,,,,,3.0,42,4501,4141,713,22,0.030856,32.93420117840056,8.380206292447559,81.48692432507775,True,False,,0.0,117.5,123.9
E2,ribba,sift,clahe,0,0,18+12,similarity,,,,,,,0.75,,,3.0,42,8279,821,558,462,0.827957,1052.407387577658,267.7882169912978,1738.7097696577518,True,False,,0.0,497.4,0.6
E2,ribba,sift,clahe,0,0,18+12,affine,,,,,,,0.75,,,3.0,42,8279,821,558,16,0.028674,1131.6575120653342,287.9536489175605,1864.041023677138,True,False,,0.0,505.0,10.1
E2,ribba,sift,clahe,0,0,18+12,homography,,,,,,,0.75,,,3.0,42,8279,821,558,216,0.387097,1052.4594958253485,267.8014760912474,1738.7399190220028,True,False,,0.0,525.6,20.7
E2,ribba,sift,sauvola,0,0,18+12,similarity,,,,,,,0.75,,,3.0,42,5077,4055,162,10,0.061728,636.959190696105,162.076176950196,1160.4073783478425,True,False,,0.0,539.5,1.3
E2,ribba,sift,sauvola,0,0,18+12,affine,,,,,,,0.75,,,3.0,42,5077,4055,162,8,0.049383,6.571067598115471,1.672027863543276,15.665240174693993,True,True,,0.0,530.7,3.4
E2,ribba,sift,sauvola,0,0,18+12,homography,,,,,,,0.75,,,3.0,42,5077,4055,162,13,0.080247,637.7772314966686,162.2843298860218,1162.092932624083,True,False,,0.0,528.3,115.7
E2,ribba,sift,sauvola+close,0,1,18+12,similarity,,,,,,,0.75,,,3.0,42,4742,4332,152,7,0.046053,1.6090682118025659,0.40943223369779824,2.6595507044619584,True,True,,0.0,550.6,2.0
E2,ribba,sift,sauvola+close,0,1,18+12,affine,,,,,,,0.75,,,3.0,42,4742,4332,152,8,0.052632,140.08652153624192,35.64543566446136,321.9005477272249,True,False,,0.0,529.2,2.6
E2,ribba,sift,sauvola+close,0,1,18+12,homography,,,,,,,0.75,,,3.0,42,4742,4332,152,10,0.065789,994.0999376677263,252.95171143936594,1666.7975090729997,True,False,,0.0,540.6,114.0
E2,ribba,orb,clahe,0,0,18+12,similarity,,,,,,,,,,3.0,42,5000,5000,919,9,0.009793,229.12944523143423,58.302674727474134,388.642857363962,True,False,,0.0,141.3,9.5
E2,ribba,orb,clahe,0,0,18+12,affine,,,,,,,,,,3.0,42,5000,5000,919,10,0.010881,100.68960242431118,25.62077140567325,232.68621927476153,True,False,,0.0,157.0,8.9
E2,ribba,orb,clahe,0,0,18+12,homography,,,,,,,,,,3.0,42,5000,5000,919,10,0.010881,1729.0514224211115,439.96232158931906,14337.615007859842,True,False,,0.0,141.1,124.1
E2,ribba,orb,sauvola,0,0,18+12,similarity,,,,,,,,,,3.0,42,4512,4339,856,52,0.060748,1.9784110595083986,0.5034126293250906,2.8825319739512114,True,True,,0.0,125.7,2.8
E2,ribba,orb,sauvola,0,0,18+12,affine,,,,,,,,,,3.0,42,4512,4339,856,57,0.066589,1.2320124285060583,0.313489258470652,2.2005669307126974,True,True,,0.0,132.6,9.3
E2,ribba,orb,sauvola,0,0,18+12,homography,,,,,,,,,,3.0,42,4512,4339,856,25,0.029206,3.3521994693523127,0.852977211575104,6.054351419214723,True,True,,0.0,130.1,123.5
E2,ribba,orb,sauvola+close,0,1,18+12,similarity,,,,,,,,,,3.0,42,4501,4272,848,56,0.066038,0.8260059271676844,0.2101796861855988,1.1410623651606178,True,True,,0.0,116.2,2.0
E2,ribba,orb,sauvola+close,0,1,18+12,affine,,,,,,,,,,3.0,42,4501,4272,848,56,0.066038,1.1236905477973937,0.2859264309586902,2.123392362079647,True,True,,0.0,114.4,8.2
E2,ribba,orb,sauvola+close,0,1,18+12,homography,,,,,,,,,,3.0,42,4501,4272,848,37,0.043632,3.574605289795869,0.9095690398044283,10.173911015814175,True,True,,0.0,119.9,123.9
E2,vedra,sift,clahe,0,0,18,similarity,,,,,,,0.75,,,3.0,42,7135,204,59,33,0.559322,1014.764148859322,258.20978196970106,1691.2151190841769,True,False,,0.0,503.0,0.3
E2,vedra,sift,clahe,0,0,18,affine,,,,,,,0.75,,,3.0,42,7135,204,59,7,0.118644,986.4180102862285,250.9970219713617,1638.9661521498433,True,False,,0.0,476.2,2.2
E2,vedra,sift,clahe,0,0,18,homography,,,,,,,0.75,,,3.0,42,7135,204,59,20,0.338983,1017.0362230358949,258.78791806015255,1692.7089847622028,True,False,,0.0,481.5,13.0
E2,vedra,sift,sauvola,0,0,18,similarity,,,,,,,0.75,,,3.0,42,4218,1915,190,50,0.263158,548.1978983782038,139.4905998360291,971.7907368649297,True,False,,0.0,490.1,0.4
E2,vedra,sift,sauvola,0,0,18,affine,,,,,,,0.75,,,3.0,42,4218,1915,190,16,0.084211,690.8087480367349,175.7783583641913,1250.3118222437706,True,False,,0.0,488.5,2.8
E2,vedra,sift,sauvola,0,0,18,homography,,,,,,,0.75,,,3.0,42,4218,1915,190,55,0.289474,548.4053853532885,139.5433955193003,970.9026227176905,True,False,,0.0,483.9,17.3
E2,vedra,sift,sauvola+close,0,1,18,similarity,,,,,,,0.75,,,3.0,42,3882,2004,166,51,0.307229,547.9448799446336,139.42621853655186,971.3417780553283,True,False,,0.0,484.3,0.4
E2,vedra,sift,sauvola+close,0,1,18,affine,,,,,,,0.75,,,3.0,42,3882,2004,166,19,0.114458,558.9983536763423,142.23880808800632,974.6898619979037,True,False,,0.0,482.1,1.9
E2,vedra,sift,sauvola+close,0,1,18,homography,,,,,,,0.75,,,3.0,42,3882,2004,166,52,0.313253,547.7256984764311,139.37044715442332,971.0774252939657,True,False,,0.0,478.6,15.0
E2,vedra,orb,clahe,0,0,18,similarity,,,,,,,,,,3.0,42,5000,5002,694,13,0.018732,2.589850980308529,0.658995351492446,3.982448020906274,True,True,,0.0,133.7,8.2
E2,vedra,orb,clahe,0,0,18,affine,,,,,,,,,,3.0,42,5000,5002,694,6,0.008646,422.7080235517399,107.55932471681088,1003.3076586058031,True,False,,0.0,161.2,7.2
E2,vedra,orb,clahe,0,0,18,homography,,,,,,,,,,3.0,42,5000,5002,694,8,0.011527,667.1559137717658,169.7598237269671,1209.3698888562885,True,False,,0.0,137.4,127.5
E2,vedra,orb,sauvola,0,0,18,similarity,,,,,,,,,,3.0,42,4363,4100,613,31,0.050571,1.592019648756418,0.4050941756850168,2.8009912310115483,True,True,,0.0,111.5,3.4
E2,vedra,orb,sauvola,0,0,18,affine,,,,,,,,,,3.0,42,4363,4100,613,18,0.029364,9.038058377821923,2.2997610684119216,16.69381937745596,True,False,,0.0,113.5,6.1
E2,vedra,orb,sauvola,0,0,18,homography,,,,,,,,,,3.0,42,4363,4100,613,12,0.019576,98.54162000553647,25.074210835268772,282.55031402482916,True,False,,0.0,110.8,123.1
E2,vedra,orb,sauvola+close,0,1,18,similarity,,,,,,,,,,3.0,42,4343,4058,597,29,0.048576,1.4218248853030282,0.36178760754001144,2.519446121413317,True,True,,0.0,112.3,3.5
E2,vedra,orb,sauvola+close,0,1,18,affine,,,,,,,,,,3.0,42,4343,4058,597,15,0.025126,22.361066037665527,5.6898403364821055,51.199513335411076,True,False,,0.0,107.7,7.0
E2,vedra,orb,sauvola+close,0,1,18,homography,,,,,,,,,,3.0,42,4343,4058,597,14,0.023451,101.43050201495566,25.80929552921151,299.0003618090153,True,False,,0.0,104.5,121.1
E2,vedra,sift,clahe,0,0,18+12,similarity,,,,,,,0.75,,,3.0,42,7135,562,58,21,0.362069,766.9100032589952,195.14255105926108,1362.4950135864208,True,False,,0.0,490.4,0.1
E2,vedra,sift,clahe,0,0,18+12,affine,,,,,,,0.75,,,3.0,42,7135,562,58,6,0.103448,700.6253778677087,178.27622927457207,1393.5487672868956,True,False,,0.0,487.3,1.9
E2,vedra,sift,clahe,0,0,18+12,homography,,,,,,,0.75,,,3.0,42,7135,562,58,12,0.206897,578.8470697867901,147.2893734484581,1032.5587663625645,True,False,,0.0,485.7,68.9
E2,vedra,sift,sauvola,0,0,18+12,similarity,,,,,,,0.75,,,3.0,42,4218,2496,130,9,0.069231,709.3165512886802,180.48772442505853,1254.26874280805,True,False,,0.0,488.7,0.7
E2,vedra,sift,sauvola,0,0,18+12,affine,,,,,,,0.75,,,3.0,42,4218,2496,130,7,0.053846,996.4397529777015,253.54708446443504,1979.56782008307,True,False,,0.0,517.1,3.6
E2,vedra,sift,sauvola,0,0,18+12,homography,,,,,,,0.75,,,3.0,42,4218,2496,130,17,0.130769,927.0662568028056,235.89479024224428,1587.5013633911183,True,False,,0.0,498.2,112.7
E2,vedra,sift,sauvola+close,0,1,18+12,similarity,,,,,,,0.75,,,3.0,42,3882,2546,121,15,0.123967,926.8429939457463,235.83798033847697,1586.3706240024956,True,False,,0.0,534.7,0.7
E2,vedra,sift,sauvola+close,0,1,18+12,affine,,,,,,,0.75,,,3.0,42,3882,2546,121,8,0.066116,916.0095849762303,233.0813869259567,1621.4723434413181,True,False,,0.0,492.4,4.0
E2,vedra,sift,sauvola+close,0,1,18+12,homography,,,,,,,0.75,,,3.0,42,3882,2546,121,18,0.14876,926.9561086049196,235.86676270284758,1587.83045566001,True,False,,0.0,486.7,112.4
E2,vedra,orb,clahe,0,0,18+12,similarity,,,,,,,,,,3.0,42,5000,5000,901,15,0.016648,2.266949823758058,0.5768321835047091,3.4027072006602954,True,True,,0.0,135.8,9.7
E2,vedra,orb,clahe,0,0,18+12,affine,,,,,,,,,,3.0,42,5000,5000,901,8,0.008879,355.14262161119734,90.36710549683399,801.1238476448033,True,False,,0.0,137.3,10.1
E2,vedra,orb,clahe,0,0,18+12,homography,,,,,,,,,,3.0,42,5000,5000,901,11,0.012209,12.26250564817431,3.1202313496948975,25.49154541304532,True,False,,0.0,134.8,125.4
E2,vedra,orb,sauvola,0,0,18+12,similarity,,,,,,,,,,3.0,42,4363,4172,808,39,0.048267,1.558603776711319,0.39659140679552524,2.3126695354942854,True,True,,0.0,118.0,3.5
E2,vedra,orb,sauvola,0,0,18+12,affine,,,,,,,,,,3.0,42,4363,4172,808,26,0.032178,4.760768858996921,1.2113919184783435,8.044273152388373,True,True,,0.0,109.4,9.1
E2,vedra,orb,sauvola,0,0,18+12,homography,,,,,,,,,,3.0,42,4363,4172,808,17,0.02104,107.87097905828065,27.448094234316684,416.45529668989707,True,False,,0.0,107.5,125.6
E2,vedra,orb,sauvola+close,0,1,18+12,similarity,,,,,,,,,,3.0,42,4343,4111,777,39,0.050193,1.9019632095247425,0.4839602445531993,2.8318184243093203,True,True,,0.0,111.6,4.0
E2,vedra,orb,sauvola+close,0,1,18+12,affine,,,,,,,,,,3.0,42,4343,4111,777,30,0.03861,5.18487442436758,1.3193068519036038,8.212466540568915,True,True,,0.0,105.6,8.5
E2,vedra,orb,sauvola+close,0,1,18+12,homography,,,,,,,,,,3.0,42,4343,4111,777,12,0.015444,420.87528009230175,107.09297764532646,1963.277780691684,True,False,,0.0,108.4,123.7
E2,aspera,sift,clahe,0,0,18,similarity,,,,,,,0.75,,,3.0,42,6559,204,32,9,0.28125,670.5824949229088,170.6317275806189,1189.948857198015,True,False,,0.0,475.1,0.3
E2,aspera,sift,clahe,0,0,18,affine,,,,,,,0.75,,,3.0,42,6559,204,32,5,0.15625,783.2515339049647,199.30070255671998,1471.8446341303502,True,False,,0.0,476.4,0.9
E2,aspera,sift,clahe,0,0,18,homography,,,,,,,0.75,,,3.0,42,6559,204,32,8,0.25,672.246790879954,171.05521267977693,1189.8263917090242,True,False,,0.0,499.6,33.8
E2,aspera,sift,sauvola,0,0,18,similarity,,,,,,,0.75,,,3.0,42,3750,1400,101,11,0.108911,898.1024906937997,228.52487306450942,1454.5849697894323,True,False,,0.0,469.3,0.3
E2,aspera,sift,sauvola,0,0,18,affine,,,,,,,0.75,,,3.0,42,3750,1400,101,7,0.069307,522.6187844483968,132.9819175592479,1146.4210042547538,True,False,,0.0,472.5,2.7
E2,aspera,sift,sauvola,0,0,18,homography,,,,,,,0.75,,,3.0,42,3750,1400,101,14,0.138614,899.6278604964864,228.91300798691245,1452.5835909451114,True,False,,0.0,475.4,115.3
E2,aspera,sift,sauvola+close,0,1,18,similarity,,,,,,,0.75,,,3.0,42,3679,1517,93,4,0.043011,728.9679827443632,185.48809011325145,1263.9216388671966,True,False,,0.0,472.9,1.6
E2,aspera,sift,sauvola+close,0,1,18,affine,,,,,,,0.75,,,3.0,42,3679,1517,93,7,0.075269,761.2645982296758,193.70606081333568,1550.6526543784375,True,False,,0.0,473.7,2.3
E2,aspera,sift,sauvola+close,0,1,18,homography,,,,,,,0.75,,,3.0,42,3679,1517,93,9,0.096774,714.664950828254,181.8486407331017,1301.5061705616308,True,False,,0.0,492.9,128.0
E2,aspera,orb,clahe,0,0,18,similarity,,,,,,,,,,3.0,42,5000,5001,654,5,0.007645,989.6569497440503,251.8211798332228,1666.6081629373462,True,False,,0.0,140.7,6.6
E2,aspera,orb,clahe,0,0,18,affine,,,,,,,,,,3.0,42,5000,5001,654,6,0.009174,604.1807165040464,153.7355958566041,1021.9050921253563,True,False,,0.0,135.3,6.6
E2,aspera,orb,clahe,0,0,18,homography,,,,,,,,,,3.0,42,5000,5001,654,9,0.013761,804.2359529846386,204.64025094480024,4571.543747847975,True,False,,0.0,136.9,121.3
E2,aspera,orb,sauvola,0,0,18,similarity,,,,,,,,,,3.0,42,4325,4102,664,6,0.009036,391.4816902899101,99.61369053933849,685.4490346613678,True,False,,0.0,104.6,7.7
E2,aspera,orb,sauvola,0,0,18,affine,,,,,,,,,,3.0,42,4325,4102,664,7,0.010542,487.92254616082585,124.1533556382606,940.3163416106072,True,False,,0.0,106.6,6.8
E2,aspera,orb,sauvola,0,0,18,homography,,,,,,,,,,3.0,42,4325,4102,664,8,0.012048,6766.593436023593,1721.7799995765113,62601.57060042537,True,False,,0.0,106.9,121.7
E2,aspera,orb,sauvola+close,0,1,18,similarity,,,,,,,,,,3.0,42,4319,4078,678,6,0.00885,16.323286243644397,4.1535091545540475,28.974576529020094,True,False,,0.0,101.0,7.3
E2,aspera,orb,sauvola+close,0,1,18,affine,,,,,,,,,,3.0,42,4319,4078,678,6,0.00885,330.05200926349346,83.98272391312369,626.2897493659215,True,False,,0.0,110.1,6.6
E2,aspera,orb,sauvola+close,0,1,18,homography,,,,,,,,,,3.0,42,4319,4078,678,8,0.011799,1071.187599406729,272.5668982318404,4154.606136387411,True,False,,0.0,106.9,124.2
E2,aspera,sift,clahe,0,0,18+12,similarity,,,,,,,0.75,,,3.0,42,6559,537,130,30,0.230769,631.4101748984393,160.66421323343258,1173.5162407303865,True,False,,0.0,492.9,0.4
E2,aspera,sift,clahe,0,0,18+12,affine,,,,,,,0.75,,,3.0,42,6559,537,130,7,0.053846,1350.7688155808046,343.7071774309824,2451.545750162662,True,False,,0.0,491.8,2.6
E2,aspera,sift,clahe,0,0,18+12,homography,,,,,,,0.75,,,3.0,42,6559,537,130,33,0.253846,631.4095853873325,160.6640632305629,1173.5161930691525,True,False,,0.0,480.3,31.1
E2,aspera,sift,sauvola,0,0,18+12,similarity,,,,,,,0.75,,,3.0,42,3750,2274,121,13,0.107438,531.275163331286,135.1845591351357,916.8788262938143,True,False,,0.0,487.0,0.5
E2,aspera,sift,sauvola,0,0,18+12,affine,,,,,,,0.75,,,3.0,42,3750,2274,121,14,0.115702,621.8911500374257,158.24206880047308,1209.5694367198864,True,False,,0.0,509.2,1.7
E2,aspera,sift,sauvola,0,0,18+12,homography,,,,,,,0.75,,,3.0,42,3750,2274,121,20,0.165289,543.4665211974848,138.28668671826358,945.1030245128491,True,False,,0.0,488.7,116.0
E2,aspera,sift,sauvola+close,0,1,18+12,similarity,,,,,,,0.75,,,3.0,42,3679,2486,136,11,0.080882,543.5212930607005,138.3006235831744,942.783439483696,True,False,,0.0,524.3,1.1
E2,aspera,sift,sauvola+close,0,1,18+12,affine,,,,,,,0.75,,,3.0,42,3679,2486,136,13,0.095588,526.6903844425461,134.0179483925592,947.0374884057752,True,False,,0.0,510.5,3.2
E2,aspera,sift,sauvola+close,0,1,18+12,homography,,,,,,,0.75,,,3.0,42,3679,2486,136,18,0.132353,545.8376603698334,138.89003019408523,941.8481560094048,True,False,,0.0,488.4,115.6
E2,aspera,orb,clahe,0,0,18+12,similarity,,,,,,,,,,3.0,42,5000,5000,836,6,0.007177,760.7540013185182,193.5761378975009,1223.7611877290012,True,False,,0.0,164.6,8.4
E2,aspera,orb,clahe,0,0,18+12,affine,,,,,,,,,,3.0,42,5000,5000,836,6,0.007177,842.0135719309973,214.25287941855802,1385.0130292242955,True,False,,0.0,149.6,9.1
E2,aspera,orb,clahe,0,0,18+12,homography,,,,,,,,,,3.0,42,5000,5000,836,7,0.008373,653.9721210966006,166.4051681293933,1186.4908551223232,True,False,,0.0,133.9,124.8
E2,aspera,orb,sauvola,0,0,18+12,similarity,,,,,,,,,,3.0,42,4325,4194,766,9,0.011749,2.5790942259879333,0.6562582630853075,4.1747068665531115,True,True,,0.0,103.8,7.2
E2,aspera,orb,sauvola,0,0,18+12,affine,,,,,,,,,,3.0,42,4325,4194,766,7,0.009138,514.4216563640193,130.8961337267938,671.4565476021597,True,False,,0.0,107.5,7.6
E2,aspera,orb,sauvola,0,0,18+12,homography,,,,,,,,,,3.0,42,4325,4194,766,9,0.011749,826.669574082049,210.34855313389963,1402.5551040808314,True,False,,0.0,108.6,124.7
E2,aspera,orb,sauvola+close,0,1,18+12,similarity,,,,,,,,,,3.0,42,4319,4117,751,11,0.014647,2.2190643546223914,0.5646475822267313,3.3837653982032023,True,True,,0.0,101.3,7.3
E2,aspera,orb,sauvola+close,0,1,18+12,affine,,,,,,,,,,3.0,42,4319,4117,751,7,0.009321,707.5130773791644,180.0288250783605,1339.9289330644588,True,False,,0.0,106.6,7.5
E2,aspera,orb,sauvola+close,0,1,18+12,homography,,,,,,,,,,3.0,42,4319,4117,751,8,0.010652,549.4547164969134,139.8104009767891,943.0352214764802,True,False,,0.0,101.4,122.8
E2-ratio,tassarole,sift,sauvola,0,0,18,similarity,,,,,,,0.75,,,3.0,42,3160,1388,85,5,0.058824,2.4987451956993496,0.6358132112812865,4.333636922961862,True,True,,0.1,446.7,1.0
E2-ratio,tassarole,sift,sauvola,0,0,18,similarity,,,,,,,0.85,,,3.0,42,3160,1388,314,43,0.136943,639.3570613824274,162.6863223399428,1185.796017114873,True,False,,0.1,449.7,0.6
E2-ratio,tassarole,sift,sauvola,0,0,18,similarity,,,,,,,0.95,,,3.0,42,3160,1388,1225,106,0.086531,639.3570613824274,162.6863223399428,1185.7960171148727,True,False,,0.2,441.3,2.2
E2-ratio,tassarole,sift,sauvola,0,0,18,similarity,,,,,,,0.99,,,3.0,42,3160,1388,2421,166,0.068567,643.9720945084503,163.86063136395867,1194.017740190011,True,False,,0.1,455.0,5.9
E2-ratio,cannei,sift,sauvola,0,0,18,similarity,,,,,,,0.75,,,3.0,42,4620,2202,179,20,0.111732,676.7769120002952,172.2079155892111,1250.432732510481,True,False,,0.0,520.0,0.7
E2-ratio,cannei,sift,sauvola,0,0,18,similarity,,,,,,,0.85,,,3.0,42,4620,2202,544,40,0.073529,676.7769120002952,172.2079155892111,1250.432732510481,True,False,,0.0,485.6,1.3
E2-ratio,cannei,sift,sauvola,0,0,18,similarity,,,,,,,0.95,,,3.0,42,4620,2202,1806,83,0.045958,643.0902315670152,163.6362386929217,1176.8090498130339,True,False,,0.0,563.2,8.6
E2-ratio,cannei,sift,sauvola,0,0,18,similarity,,,,,,,0.99,,,3.0,42,4620,2202,3418,113,0.03306,643.0902315670152,163.6362386929217,1176.8090498130339,True,False,,0.0,528.8,31.8
E2-ratio,ribba,sift,sauvola,0,0,18,similarity,,,,,,,0.75,,,3.0,42,5077,2792,168,11,0.065476,926.0500733152022,235.63621930527313,1585.7190733270654,True,False,,0.0,585.3,1.0
E2-ratio,ribba,sift,sauvola,0,0,18,similarity,,,,,,,0.85,,,3.0,42,5077,2792,569,44,0.077329,925.9311206811374,235.60595145067742,1585.4341099152387,True,False,,0.0,575.1,1.8
E2-ratio,ribba,sift,sauvola,0,0,18,similarity,,,,,,,0.95,,,3.0,42,5077,2792,2044,117,0.057241,926.1345367676222,235.65771128413175,1585.8053871236214,True,False,,0.0,574.3,6.2
E2-ratio,ribba,sift,sauvola,0,0,18,similarity,,,,,,,0.99,,,3.0,42,5077,2792,3924,155,0.039501,926.1791176745296,235.66905502963706,1585.8389708470136,True,False,,0.0,511.6,23.9
E2-ratio,vedra,sift,sauvola,0,0,18,similarity,,,,,,,0.75,,,3.0,42,4218,1915,190,50,0.263158,548.1978983782038,139.4905998360291,971.7907368649297,True,False,,0.0,487.9,0.3
E2-ratio,vedra,sift,sauvola,0,0,18,similarity,,,,,,,0.85,,,3.0,42,4218,1915,567,126,0.222222,548.0199213301497,139.4453130422206,970.9822846487491,True,False,,0.0,488.9,0.4
E2-ratio,vedra,sift,sauvola,0,0,18,similarity,,,,,,,0.95,,,3.0,42,4218,1915,1764,234,0.132653,548.4650483997737,139.5585769604676,971.8853131677387,True,False,,0.0,478.0,1.5
E2-ratio,vedra,sift,sauvola,0,0,18,similarity,,,,,,,0.99,,,3.0,42,4218,1915,3191,292,0.091507,548.4553306906489,139.55610426022767,971.9461793470233,True,False,,0.0,484.4,3.6
E2-ratio,aspera,sift,sauvola,0,0,18,similarity,,,,,,,0.75,,,3.0,42,3750,1400,101,11,0.108911,898.1024906937997,228.52487306450942,1454.5849697894323,True,False,,0.0,479.8,0.6
E2-ratio,aspera,sift,sauvola,0,0,18,similarity,,,,,,,0.85,,,3.0,42,3750,1400,299,17,0.056856,722.1853109617427,183.76221893014832,1311.702110248081,True,False,,0.0,473.6,1.7
E2-ratio,aspera,sift,sauvola,0,0,18,similarity,,,,,,,0.95,,,3.0,42,3750,1400,1123,72,0.064114,658.3690948247694,167.52399128544704,1220.4737804856688,True,False,,0.0,480.3,3.8
E2-ratio,aspera,sift,sauvola,0,0,18,similarity,,,,,,,0.99,,,3.0,42,3750,1400,2246,128,0.05699,658.3690948247695,167.52399128544707,1220.473780485669,True,False,,0.0,473.9,8.5
E1,tassarole,loftr,none,0,0,,homography,0.0,15,1.15,30,20,0.0,,0.5,640,3.0,42,4267,4267,3863,3860,0.999223,0.25131480885012825,0.06394780705634168,0.4881284385598464,True,True,,4424.0,6023.5,2.9
E1,tassarole,loftr,none,0,0,,homography,0.25,15,1.15,30,20,0.0,,0.5,640,3.0,42,4239,4239,3661,3069,0.838296,0.40408864841853104,0.10282156885604048,0.8688237888887547,True,True,,0.0,5247.1,2.3
E1,tassarole,loftr,none,0,0,,homography,0.5,15,1.15,30,20,0.0,,0.5,640,3.0,42,3658,3658,2658,2023,0.761099,0.6528516961714896,0.16612007264592404,1.7857124917955796,True,True,,0.0,5506.4,2.8
E1,tassarole,loftr,none,0,0,,homography,0.75,15,1.15,30,20,0.0,,0.5,640,3.0,42,2403,2403,1500,1044,0.696,1.099714066144494,0.2798255432726649,2.0086182387090243,True,False,,0.0,4866.9,1.8
E1,tassarole,loftr,none,0,0,,homography,1.0,15,1.15,30,20,0.0,,0.5,640,3.0,42,1904,1904,1084,663,0.611624,1.2006921906349584,0.305519729983637,3.525141633667889,True,False,,0.0,4487.8,1.8
E1,tassarole,loftr,none,0,0,,homography,1.1,15,1.15,30,20,0.0,,0.5,640,3.0,42,1658,1658,863,458,0.530707,2.3160784984142926,0.589333122157012,8.570152882235034,True,False,,0.0,4331.4,2.5
E1,tassarole,loftr,none,0,0,,homography,1.2,15,1.15,30,20,0.0,,0.5,640,3.0,42,1216,1216,558,251,0.449821,2.4426909247600803,0.6215500338779767,6.175927771105931,True,False,,0.0,4035.8,34.8
E1,tassarole,loftr,none,0,0,,homography,1.3,15,1.15,30,20,0.0,,0.5,640,3.0,42,818,818,309,125,0.404531,3.9110535234189396,0.9951793021945193,12.209699970386666,True,False,,0.0,3992.0,6.1
E1,tassarole,loftr,none,0,0,,homography,1.4,15,1.15,30,20,0.0,,0.5,640,3.0,42,558,558,158,58,0.367089,3.3608187231886455,0.8551704065715203,7.422753624192336,True,False,,0.0,3879.5,10.4
E1,tassarole,loftr,none,0,0,,homography,1.5,15,1.15,30,20,0.0,,0.5,640,3.0,42,370,370,75,25,0.333333,14.033391132364212,3.5708384738034704,48.7177076165369,True,False,,0.0,3922.9,12.2
E1,cannei,loftr,none,0,0,,homography,0.0,15,1.15,30,20,0.0,,0.5,640,3.0,42,4255,4255,3822,3820,0.999477,0.21163004377324537,0.0538498995282336,0.36756652429421094,True,True,,0.0,5295.7,2.6
E1,cannei,loftr,none,0,0,,homography,0.25,15,1.15,30,20,0.0,,0.5,640,3.0,42,4229,4229,3669,3588,0.977923,0.21616101203316884,0.055002817994875906,0.40625001633549085,True,True,,0.0,5440.5,2.5
E1,cannei,loftr,none,0,0,,homography,0.5,15,1.15,30,20,0.0,,0.5,640,3.0,42,4014,4014,3119,2410,0.772684,0.8243269796845506,0.20975247296167293,2.697274225410448,True,True,,0.0,5683.5,2.0
E1,cannei,loftr,none,0,0,,homography,0.75,15,1.15,30,20,0.0,,0.5,640,3.0,42,3422,3422,2319,1409,0.607589,1.1153855936007862,0.28381321044850083,2.8638161382909098,True,False,,0.0,5413.5,2.3
E1,cannei,loftr,none,0,0,,homography,1.0,15,1.15,30,20,0.0,,0.5,640,3.0,42,2677,2677,1547,906,0.58565,0.8607522720624516,0.219020997883107,2.197086775742393,True,True,,0.0,4766.1,2.5
E1,cannei,loftr,none,0,0,,homography,1.1,15,1.15,30,20,0.0,,0.5,640,3.0,42,2440,2440,1330,737,0.554135,1.160074628449229,0.29518446943279164,2.893302800192048,True,False,,0.0,4513.6,2.3
E1,cannei,loftr,none,0,0,,homography,1.2,15,1.15,30,20,0.0,,0.5,640,3.0,42,2032,2032,1027,537,0.522882,0.9627956190698077,0.24498623365916977,2.6673201941172047,True,True,,0.0,4521.1,3.0
E1,cannei,loftr,none,0,0,,homography,1.3,15,1.15,30,20,0.0,,0.5,640,3.0,42,1499,1499,630,244,0.387302,5.726644280747619,1.457161817169074,18.22779858650096,True,False,,0.0,4285.8,7.9
E1,cannei,loftr,none,0,0,,homography,1.4,15,1.15,30,20,0.0,,0.5,640,3.0,42,1033,1033,359,127,0.35376,3.0749635206917043,0.7824336927305662,7.704336503097661,True,False,,0.0,4204.2,10.5
E1,cannei,loftr,none,0,0,,homography,1.5,15,1.15,30,20,0.0,,0.5,640,3.0,42,588,588,151,46,0.304636,2.8602601837769144,0.7278017845425871,7.875078084866059,True,False,,0.0,3909.7,18.9
E1,ribba,loftr,none,0,0,,homography,0.0,15,1.15,30,20,0.0,,0.5,640,3.0,42,4249,4249,3763,3455,0.91815,0.29446950008312767,0.07492864770465207,0.6449027418066013,True,True,,0.0,5344.1,2.2
E1,ribba,loftr,none,0,0,,homography,0.25,15,1.15,30,20,0.0,,0.5,640,3.0,42,4225,4225,3650,3579,0.980548,0.26785124525468845,0.06815555290879123,0.5675957206645112,True,True,,0.0,5317.3,2.1
E1,ribba,loftr,none,0,0,,homography,0.5,15,1.15,30,20,0.0,,0.5,640,3.0,42,4112,4112,3284,2408,0.733252,0.5148617511854537,0.13100811717439226,1.3260347041445562,True,True,,0.0,5410.8,2.4
E1,ribba,loftr,none,0,0,,homography,0.75,15,1.15,30,20,0.0,,0.5,640,3.0,42,3394,3394,2193,1507,0.687187,1.1662253954519217,0.2967495505489278,3.5888504694580816,True,False,,0.0,4991.8,2.7
E1,ribba,loftr,none,0,0,,homography,1.0,15,1.15,30,20,0.0,,0.5,640,3.0,42,2339,2339,1238,782,0.631664,0.39333042279371966,0.10008410607113034,0.6950828729765424,True,True,,0.0,4538.4,2.1
E1,ribba,loftr,none,0,0,,homography,1.1,15,1.15,30,20,0.0,,0.5,640,3.0,42,1861,1861,928,494,0.532328,1.6098596913742085,0.40963362804924147,4.7303601213095225,True,False,,0.0,4453.2,2.5
E1,ribba,loftr,none,0,0,,homography,1.2,15,1.15,30,20,0.0,,0.5,640,3.0,42,1104,1104,409,178,0.435208,2.1686979923559657,0.5518317102489525,5.608090963088726,True,False,,0.0,4144.8,6.4
E1,ribba,loftr,none,0,0,,homography,1.3,15,1.15,30,20,0.0,,0.5,640,3.0,42,542,542,131,42,0.320611,4.595539541285576,1.1693488228987385,11.251946368256867,True,False,,0.0,3922.1,14.3
E1,ribba,loftr,none,0,0,,homography,1.4,15,1.15,30,20,0.0,,0.5,640,3.0,42,327,327,56,18,0.321429,4.71695818745886,1.2002441616734691,10.351873120696679,True,False,,0.0,3733.2,15.4
E1,ribba,loftr,none,0,0,,homography,1.5,15,1.15,30,20,0.0,,0.5,640,3.0,42,220,220,30,9,0.3,5.492253483921229,1.3975203757442085,13.82675741509893,True,False,,0.0,3724.7,18.2
E1,vedra,loftr,none,0,0,,homography,0.0,15,1.15,30,20,0.0,,0.5,640,3.0,42,4246,4246,3825,3790,0.99085,0.2527202712774319,0.06430543118735638,0.5088453507249678,True,True,,0.0,5036.2,3.0
E1,vedra,loftr,none,0,0,,homography,0.25,15,1.15,30,20,0.0,,0.5,640,3.0,42,4165,4165,3535,3372,0.95389,0.21731103233573348,0.05529544411092439,0.35413132725157037,True,True,,0.0,5082.6,4.8
E1,vedra,loftr,none,0,0,,homography,0.5,15,1.15,30,20,0.0,,0.5,640,3.0,42,3845,3845,2967,2716,0.915403,0.28892986813017274,0.07351907173532685,0.7207982699901884,True,True,,0.0,5100.0,2.4
E1,vedra,loftr,none,0,0,,homography,0.75,15,1.15,30,20,0.0,,0.5,640,3.0,42,2998,2998,2011,1471,0.731477,1.135676431045135,0.28897627490872774,2.7934247793009317,True,False,,0.0,4747.2,1.7
E1,vedra,loftr,none,0,0,,homography,1.0,15,1.15,30,20,0.0,,0.5,640,3.0,42,1891,1891,1039,679,0.653513,1.0193386407171847,0.2593737751464098,2.8794259473693438,True,False,,0.0,4353.7,1.5
E1,vedra,loftr,none,0,0,,homography,1.1,15,1.15,30,20,0.0,,0.5,640,3.0,42,1245,1245,555,356,0.641441,1.0687134877782887,0.27193735310564887,3.377354477149593,True,False,,0.0,4084.5,1.5
E1,vedra,loftr,none,0,0,,homography,1.2,15,1.15,30,20,0.0,,0.5,640,3.0,42,556,556,145,69,0.475862,1.5590061763208343,0.39669379858336523,3.222948005555563,True,False,,0.0,3855.3,3.2
E1,vedra,loftr,none,0,0,,homography,1.3,15,1.15,30,20,0.0,,0.5,640,3.0,42,196,196,21,8,0.380952,9.852121809465931,2.506901950784034,36.335427332619496,True,False,,0.0,3663.7,7.1
E1,vedra,loftr,none,0,0,,homography,1.4,15,1.15,30,20,0.0,,0.5,640,3.0,42,107,107,6,4,0.666667,1199.6695739276693,305.2595220946172,6018.41449870564,True,False,,0.0,3687.0,0.8
E1,vedra,loftr,none,0,0,,homography,1.5,15,1.15,30,20,0.0,,0.5,640,3.0,42,82,82,5,4,0.8,605.2542930180942,154.00877062133313,1102.0192120154427,True,False,,0.0,3630.6,0.4
E1,aspera,loftr,none,0,0,,homography,0.0,15,1.15,30,20,0.0,,0.5,640,3.0,42,4257,4257,3829,3827,0.999478,0.20432364642215772,0.051990764803057296,0.26469963430805804,True,True,,0.0,5188.9,2.1
E1,aspera,loftr,none,0,0,,homography,0.25,15,1.15,30,20,0.0,,0.5,640,3.0,42,4226,4226,3665,3621,0.987995,0.17268904196686533,0.04394124479559478,0.2716019708090583,True,True,,0.0,5124.5,1.8
E1,aspera,loftr,none,0,0,,homography,0.5,15,1.15,30,20,0.0,,0.5,640,3.0,42,3770,3770,2701,1855,0.686783,0.8955208349547611,0.2278679630167438,2.8361715724152696,True,True,,0.0,4865.4,2.2
E1,aspera,loftr,none,0,0,,homography,0.75,15,1.15,30,20,0.0,,0.5,640,3.0,42,2582,2582,1485,940,0.632997,0.6320175820090749,0.16081876979495513,1.6229483811141432,True,True,,0.0,4577.9,2.7
E1,aspera,loftr,none,0,0,,homography,1.0,15,1.15,30,20,0.0,,0.5,640,3.0,42,1626,1626,781,424,0.542894,1.064863458459275,0.2709577015953379,2.8704238678654868,True,False,,0.0,4277.5,2.3
E1,aspera,loftr,none,0,0,,homography,1.1,15,1.15,30,20,0.0,,0.5,640,3.0,42,1357,1357,588,248,0.421769,2.0424213603063497,0.5197002423940316,6.093161575208111,True,False,,0.0,4259.1,5.4
E1,aspera,loftr,none,0,0,,homography,1.2,15,1.15,30,20,0.0,,0.5,640,3.0,42,1043,1043,400,176,0.44,2.40012971354859,0.6107202060015794,6.667559710971678,True,False,,0.0,4122.6,5.1
E1,aspera,loftr,none,0,0,,homography,1.3,15,1.15,30,20,0.0,,0.5,640,3.0,42,757,757,270,121,0.448148,1.624461440248998,0.4133490868556783,2.9625607840227803,True,False,,0.0,3936.6,6.1
E1,aspera,loftr,none,0,0,,homography,1.4,15,1.15,30,20,0.0,,0.5,640,3.0,42,540,540,156,58,0.371795,1.7641837656553967,0.4489018517223126,3.5892939897666816,True,False,,0.0,3854.6,8.2
E1,aspera,loftr,none,0,0,,homography,1.5,15,1.15,30,20,0.0,,0.5,640,3.0,42,336,336,73,22,0.30137,6.410813403379201,1.6312507029300478,17.98159582562842,True,False,,0.0,3650.7,19.1
E1,tassarole,loftr,none,0,0,,homography,0.0,0,1.0,0.0,0.0,0.0,,0.5,640,3.0,42,5776,5776,5776,5776,1.0,0.02242010911685162,0.005704864025110245,0.040001977663215484,True,True,,0.0,5853.4,12.5
E1,tassarole,loftr,none,0,0,,homography,0.0,5,1.0,0.0,0.0,0.0,,0.5,640,3.0,42,5375,5375,4804,4761,0.991049,0.07288896574824472,0.01854681600153811,0.1093759132198335,True,True,,0.0,5780.5,2.3
E1,tassarole,loftr,none,0,0,,homography,0.0,15,1.0,0.0,0.0,0.0,,0.5,640,3.0,42,4810,4810,4181,4160,0.994977,0.1853952791524259,0.047174384966172225,0.29574081283069836,True,True,,0.0,5529.3,2.4
E1,tassarole,loftr,none,0,0,,homography,0.0,30,1.0,0.0,0.0,0.0,,0.5,640,3.0,42,1944,1944,859,461,0.536671,1.2698376601152555,0.3231140021293071,2.78921224965051,True,False,,0.0,4398.8,2.5
E1,tassarole,loftr,none,0,0,,homography,0.0,45,1.0,0.0,0.0,0.0,,0.5,640,3.0,42,334,334,46,6,0.130435,774.7791066039288,197.14486801268947,3563.94268298541,True,False,,0.0,3705.4,139.4
E1,tassarole,loftr,none,0,0,,homography,0.0,90,1.0,0.0,0.0,0.0,,0.5,640,3.0,42,229,229,31,5,0.16129,13502.908887727408,3435.855675208902,132359.0952250772,True,False,,0.0,3733.5,141.2
E1,cannei,loftr,none,0,0,,homography,0.0,0,1.0,0.0,0.0,0.0,,0.5,640,3.0,42,5776,5776,5776,5776,1.0,0.02575460697464506,0.006553337008519359,0.04928199520188968,True,True,,0.0,5827.5,3.0
E1,cannei,loftr,none,0,0,,homography,0.0,5,1.0,0.0,0.0,0.0,,0.5,640,3.0,42,5374,5374,4757,4757,1.0,0.06916894919966549,0.01760024663070248,0.09190120327927707,True,True,,0.0,5603.4,2.6
E1,cannei,loftr,none,0,0,,homography,0.0,15,1.0,0.0,0.0,0.0,,0.5,640,3.0,42,4820,4820,4146,3742,0.902557,0.17674885467032095,0.044974276317427175,0.3680773342098424,True,True,,0.0,5373.5,2.3
E1,cannei,loftr,none,0,0,,homography,0.0,30,1.0,0.0,0.0,0.0,,0.5,640,3.0,42,1761,1761,716,464,0.648045,1.2047409415419001,0.3065499467981611,3.194840226019476,True,False,,0.0,4281.2,1.3
E1,cannei,loftr,none,0,0,,homography,0.0,45,1.0,0.0,0.0,0.0,,0.5,640,3.0,42,245,245,36,5,0.138889,1550.849668729706,394.61835075727987,5989.5769640209965,True,False,,0.0,3723.6,143.1
E1,cannei,loftr,none,0,0,,homography,0.0,90,1.0,0.0,0.0,0.0,,0.5,640,3.0,42,229,229,28,5,0.178571,1147.6714362297168,292.02843996296014,8981.169971153402,True,False,,0.0,3657.8,139.7
E1,ribba,loftr,none,0,0,,homography,0.0,0,1.0,0.0,0.0,0.0,,0.5,640,3.0,42,5776,5776,5776,5776,1.0,0.030297888857571714,0.0077093887134756945,0.04777688099338427,True,True,,0.0,5830.3,3.3
E1,ribba,loftr,none,0,0,,homography,0.0,5,1.0,0.0,0.0,0.0,,0.5,640,3.0,42,5366,5366,4775,4700,0.984293,0.05490485830604436,0.013970705910547904,0.11401480930105659,True,True,,0.0,5741.0,2.7
E1,ribba,loftr,none,0,0,,homography,0.0,15,1.0,0.0,0.0,0.0,,0.5,640,3.0,42,4778,4778,4049,2994,0.739442,0.19693197440620624,0.050109931683582395,0.5693020376393457,True,True,,0.0,5503.8,2.3
E1,ribba,loftr,none,0,0,,homography,0.0,30,1.0,0.0,0.0,0.0,,0.5,640,3.0,42,281,281,53,5,0.09434,1087.2128706372127,276.6445765722507,8910.32627303782,True,False,,0.0,3665.0,138.5
E1,ribba,loftr,none,0,0,,homography,0.0,45,1.0,0.0,0.0,0.0,,0.5,640,3.0,42,224,224,34,5,0.147059,1965.4633469676667,500.1180450259637,17231.924332203307,True,False,,0.0,3684.2,143.2
E1,ribba,loftr,none,0,0,,homography,0.0,90,1.0,0.0,0.0,0.0,,0.5,640,3.0,42,224,224,21,5,0.238095,8715.040408020473,2217.5681769420335,72616.94639084948,True,False,,0.0,3658.9,48.1
E1,vedra,loftr,none,0,0,,homography,0.0,0,1.0,0.0,0.0,0.0,,0.5,640,3.0,42,5776,5776,5776,5776,1.0,0.03049573201089458,0.007759730497368158,0.06766183146256771,True,True,,0.0,5760.1,2.7
E1,vedra,loftr,none,0,0,,homography,0.0,5,1.0,0.0,0.0,0.0,,0.5,640,3.0,42,5362,5362,4739,4725,0.997046,0.10337812003094533,0.026304872776234133,0.20468051836417228,True,True,,0.0,5935.1,3.1
E1,vedra,loftr,none,0,0,,homography,0.0,15,1.0,0.0,0.0,0.0,,0.5,640,3.0,42,4800,4800,4160,4158,0.999519,0.1942403479511461,0.04942503925721297,0.3511264338526475,True,True,,0.0,5680.3,2.5
E1,vedra,loftr,none,0,0,,homography,0.0,30,1.0,0.0,0.0,0.0,,0.5,640,3.0,42,1147,1147,378,180,0.47619,1.3552070404608612,0.34483649706638747,3.2146260238078708,True,False,,0.0,4092.7,3.8
E1,vedra,loftr,none,0,0,,homography,0.0,45,1.0,0.0,0.0,0.0,,0.5,640,3.0,42,197,197,27,5,0.185185,2416.236779224702,614.818697184063,9587.549334042764,True,False,,0.0,3655.4,126.0
E1,vedra,loftr,none,0,0,,homography,0.0,90,1.0,0.0,0.0,0.0,,0.5,640,3.0,42,173,173,16,4,0.25,866.8858120699397,220.58169553863235,3241.485805632863,True,False,,0.0,3669.9,38.7
E1,aspera,loftr,none,0,0,,homography,0.0,0,1.0,0.0,0.0,0.0,,0.5,640,3.0,42,5776,5776,5776,5776,1.0,0.03335667373246791,0.008487705701247657,0.05434708995700627,True,True,,0.0,5842.1,2.7
E1,aspera,loftr,none,0,0,,homography,0.0,5,1.0,0.0,0.0,0.0,,0.5,640,3.0,42,5344,5344,4785,4283,0.895089,0.09554851762109778,0.024312606954241194,0.1294824540159971,True,True,,0.0,5605.6,2.6
E1,aspera,loftr,none,0,0,,homography,0.0,15,1.0,0.0,0.0,0.0,,0.5,640,3.0,42,4817,4817,4142,3849,0.929261,0.19665334531519443,0.05003903367548716,0.3541796096850341,True,True,,0.0,5543.3,2.7
E1,aspera,loftr,none,0,0,,homography,0.0,30,1.0,0.0,0.0,0.0,,0.5,640,3.0,42,1534,1534,583,316,0.542024,1.1111026406480138,0.28272340022080905,2.2148713469474224,True,False,,0.0,4339.5,2.6
E1,aspera,loftr,none,0,0,,homography,0.0,45,1.0,0.0,0.0,0.0,,0.5,640,3.0,42,197,197,24,5,0.208333,1744.5659816012142,443.9100477163737,9556.897949038468,True,False,,0.0,4233.5,81.3
E1,aspera,loftr,none,0,0,,homography,0.0,90,1.0,0.0,0.0,0.0,,0.5,640,3.0,42,212,212,24,5,0.208333,33127.89768176089,8429.492948817104,330969.0282917005,True,False,,0.0,4058.9,84.8
E2,tassarole,loftr,clahe,0,0,18,similarity,,,,,,,,0.5,640,3.0,42,50,50,9,2,0.222222,912.6328774074723,232.22217355496352,1605.7308943053727,True,False,,0.0,3908.1,1.4
E2,tassarole,loftr,clahe,0,0,18,affine,,,,,,,,0.5,640,3.0,42,50,50,9,3,0.333333,2841.019024852345,722.9058139307537,5250.248007593493,True,False,,0.0,3783.9,0.8
E2,tassarole,loftr,clahe,0,0,18,homography,,,,,,,,0.5,640,3.0,42,50,50,9,4,0.444444,680.4331944732738,173.13826763330795,2718.2919761663657,True,False,,0.0,3658.6,4.0
E2,tassarole,loftr,sauvola,0,0,18,similarity,,,,,,,,0.5,640,3.0,42,834,834,405,118,0.291358,1.6383144262751472,0.41687402070899,2.9023557175647565,True,True,,0.0,3883.9,0.3
E2,tassarole,loftr,sauvola,0,0,18,affine,,,,,,,,0.5,640,3.0,42,834,834,405,113,0.279012,1.8431851794437895,0.4690039984650105,2.975055393725286,True,True,,0.0,3907.2,0.5
E2,tassarole,loftr,sauvola,0,0,18,homography,,,,,,,,0.5,640,3.0,42,834,834,405,113,0.279012,4.151438003924333,1.0563458544125581,13.565644554851907,True,True,,0.0,3892.0,25.5
E2,tassarole,loftr,sauvola+close,0,1,18,similarity,,,,,,,,0.5,640,3.0,42,862,862,417,115,0.275779,2.609048145461807,0.6638801277571932,4.662690542115276,True,True,,0.0,3927.2,0.3
E2,tassarole,loftr,sauvola+close,0,1,18,affine,,,,,,,,0.5,640,3.0,42,862,862,417,118,0.282974,2.568875347865559,0.653658038890435,5.038024822853259,True,True,,0.0,3802.5,0.6
E2,tassarole,loftr,sauvola+close,0,1,18,homography,,,,,,,,0.5,640,3.0,42,862,862,417,120,0.28777,3.1667084950214153,0.8057784766836842,8.133428719247755,True,True,,0.0,4017.1,23.3
E2,tassarole,loftr,clahe,0,0,18+12,similarity,,,,,,,,0.5,640,3.0,42,63,63,12,2,0.166667,1237.171835938237,314.8020851699922,2115.034086484943,True,False,,0.0,3704.0,0.2
E2,tassarole,loftr,clahe,0,0,18+12,affine,,,,,,,,0.5,640,3.0,42,63,63,12,3,0.25,877.0907481232598,223.1783721322078,1703.1717038475565,True,False,,0.0,3683.8,0.3
E2,tassarole,loftr,clahe,0,0,18+12,homography,,,,,,,,0.5,640,3.0,42,63,63,12,4,0.333333,597.393267583443,152.0085091164098,1788.073135404912,True,False,,0.0,3654.2,11.9
E2,tassarole,loftr,sauvola,0,0,18+12,similarity,,,,,,,,0.5,640,3.0,42,1065,1065,549,168,0.306011,1.808987631154018,0.4603023297100333,2.9378262430758504,True,True,,0.0,4083.3,0.3
E2,tassarole,loftr,sauvola,0,0,18+12,affine,,,,,,,,0.5,640,3.0,42,1065,1065,549,177,0.322404,1.7503196975479172,0.44537409800016015,3.7623813106747703,True,True,,0.0,4108.5,0.5
E2,tassarole,loftr,sauvola,0,0,18+12,homography,,,,,,,,0.5,640,3.0,42,1065,1065,549,185,0.336976,2.5012552039044897,0.6364518903991091,7.625046295346007,True,True,,0.0,4125.7,12.7
E2,tassarole,loftr,sauvola+close,0,1,18+12,similarity,,,,,,,,0.5,640,3.0,42,1060,1060,557,171,0.307002,2.329340227923802,0.5927076090158951,4.019424060053788,True,True,,0.0,4024.3,0.3
E2,tassarole,loftr,sauvola+close,0,1,18+12,affine,,,,,,,,0.5,640,3.0,42,1060,1060,557,174,0.312388,2.1038596712671005,0.5353334049329275,4.435700664464107,True,True,,0.0,4044.7,0.5
E2,tassarole,loftr,sauvola+close,0,1,18+12,homography,,,,,,,,0.5,640,3.0,42,1060,1060,557,164,0.294434,4.164165572264592,1.0595844223594422,10.562840494411725,True,True,,0.0,3999.4,20.8
E2,cannei,loftr,clahe,0,0,18,similarity,,,,,,,,0.5,640,3.0,42,63,63,4,2,0.5,669.950901991176,170.4710168643607,838.852073931437,True,False,,0.0,3628.4,0.1
E2,cannei,loftr,clahe,0,0,18,affine,,,,,,,,0.5,640,3.0,42,63,63,4,3,0.75,562.2443116600923,143.06475183484545,1236.1364184960341,True,False,,0.0,3690.9,0.2
E2,cannei,loftr,clahe,0,0,18,homography,,,,,,,,0.5,640,3.0,42,63,63,4,4,1.0,1724.2653159781823,438.7444824465964,8070.308983419963,True,False,,0.0,3776.7,14.4
E2,cannei,loftr,sauvola,0,0,18,similarity,,,,,,,,0.5,640,3.0,42,1452,1452,737,148,0.200814,1.765288071606605,0.44918284568451544,3.2596709215977127,True,True,,0.0,4150.4,0.6
E2,cannei,loftr,sauvola,0,0,18,affine,,,,,,,,0.5,640,3.0,42,1452,1452,737,161,0.218453,4.072451521644827,1.0362475070370911,9.800500520052294,True,True,,0.0,4305.4,1.3
E2,cannei,loftr,sauvola,0,0,18,homography,,,,,,,,0.5,640,3.0,42,1452,1452,737,176,0.238806,3.8698373286419994,0.9846917177849426,10.661139861500585,True,True,,0.0,4192.2,51.6
E2,cannei,loftr,sauvola+close,0,1,18,similarity,,,,,,,,0.5,640,3.0,42,1429,1429,728,149,0.20467,1.2825469517193167,0.32634791950583525,2.3360532219296393,True,True,,0.0,4231.6,0.5
E2,cannei,loftr,sauvola+close,0,1,18,affine,,,,,,,,0.5,640,3.0,42,1429,1429,728,150,0.206044,2.7203041998800277,0.6921895645720726,5.8148626572938475,True,True,,0.0,4193.7,1.5
E2,cannei,loftr,sauvola+close,0,1,18,homography,,,,,,,,0.5,640,3.0,42,1429,1429,728,157,0.215659,4.971875760086668,1.2651087027813328,11.355521167051466,True,True,,0.0,4184.3,74.3
E2,cannei,loftr,clahe,0,0,18+12,similarity,,,,,,,,0.5,640,3.0,42,57,57,4,2,0.5,701.4897692921547,178.49617626569665,1201.7405959590217,True,False,,0.0,3564.5,0.1
E2,cannei,loftr,clahe,0,0,18+12,affine,,,,,,,,0.5,640,3.0,42,57,57,4,3,0.75,492.0470952810275,125.20285953554328,1010.583006766208,True,False,,0.0,3585.5,0.1
E2,cannei,loftr,clahe,0,0,18+12,homography,,,,,,,,0.5,640,3.0,42,57,57,4,4,1.0,4457.089753458764,1134.1198590368429,35240.90058576833,True,False,,0.0,3637.2,0.1
E2,cannei,loftr,sauvola,0,0,18+12,similarity,,,,,,,,0.5,640,3.0,42,1788,1788,1015,292,0.287685,0.6710310881148142,0.1707458734640788,1.1964485485432166,True,True,,0.0,4443.3,0.4
E2,cannei,loftr,sauvola,0,0,18+12,affine,,,,,,,,0.5,640,3.0,42,1788,1788,1015,277,0.272906,2.1799343118838506,0.5546908254617814,5.0415449464813396,True,True,,0.0,4415.3,1.0
E2,cannei,loftr,sauvola,0,0,18+12,homography,,,,,,,,0.5,640,3.0,42,1788,1788,1015,275,0.270936,2.6570219411272182,0.676087203985644,7.255684538546247,True,True,,0.0,4390.5,39.3
E2,cannei,loftr,sauvola+close,0,1,18+12,similarity,,,,,,,,0.5,640,3.0,42,1737,1737,991,258,0.260343,2.4026986143444806,0.6113738705157961,4.412711011182549,True,True,,0.0,4293.7,0.4
E2,cannei,loftr,sauvola+close,0,1,18+12,affine,,,,,,,,0.5,640,3.0,42,1737,1737,991,290,0.292634,2.2376194279324513,0.5693689762956959,4.666315642679029,True,True,,0.0,4333.6,1.1
E2,cannei,loftr,sauvola+close,0,1,18+12,homography,,,,,,,,0.5,640,3.0,42,1737,1737,991,268,0.270434,2.38701880751314,0.6073840966281411,4.5153801390673305,True,True,,0.0,4282.3,30.8
E2,ribba,loftr,clahe,0,0,18,similarity,,,,,,,,0.5,640,3.0,42,58,58,6,2,0.333333,2041.9929752005157,519.5912385186967,3762.977500535515,True,False,,0.0,3777.3,0.1
E2,ribba,loftr,clahe,0,0,18,affine,,,,,,,,0.5,640,3.0,42,58,58,6,3,0.5,5828.793020008716,1483.1538703202777,11688.64609030134,True,False,,0.0,3710.9,0.3
E2,ribba,loftr,clahe,0,0,18,homography,,,,,,,,0.5,640,3.0,42,58,58,6,4,0.666667,1028.723488691342,261.761777867978,1711.7639918890682,True,False,,0.0,3711.6,0.7
E2,ribba,loftr,sauvola,0,0,18,similarity,,,,,,,,0.5,640,3.0,42,746,746,274,54,0.19708,1.9174211955068026,0.4878935754602924,3.3481122928419884,True,True,,0.0,3771.0,0.3
E2,ribba,loftr,sauvola,0,0,18,affine,,,,,,,,0.5,640,3.0,42,746,746,274,51,0.186131,4.072139390389042,1.0361680843026628,7.999618675590672,True,True,,0.0,3761.9,1.0
E2,ribba,loftr,sauvola,0,0,18,homography,,,,,,,,0.5,640,3.0,42,746,746,274,52,0.189781,13.503656372686645,3.436045874999235,29.570649478053067,True,False,,0.0,3821.5,117.5
E2,ribba,loftr,sauvola+close,0,1,18,similarity,,,,,,,,0.5,640,3.0,42,805,805,314,68,0.216561,1.3452964612741356,0.3423147204605876,1.946485413568137,True,True,,0.0,3795.4,0.3
E2,ribba,loftr,sauvola+close,0,1,18,affine,,,,,,,,0.5,640,3.0,42,805,805,314,65,0.207006,2.2417465075728384,0.5704191240914315,4.785830458096381,True,True,,0.0,3798.4,0.9
E2,ribba,loftr,sauvola+close,0,1,18,homography,,,,,,,,0.5,640,3.0,42,805,805,314,72,0.229299,3.458921960176935,0.8801330695329016,8.9350404745541,True,True,,0.0,3830.9,56.1
E2,ribba,loftr,clahe,0,0,18+12,similarity,,,,,,,,0.5,640,3.0,42,85,85,11,2,0.181818,1537.0964961437414,391.11881473326343,2728.8201808916738,True,False,,0.0,3768.0,0.2
E2,ribba,loftr,clahe,0,0,18+12,affine,,,,,,,,0.5,640,3.0,42,85,85,11,3,0.272727,1235.0569243952466,314.26393958314367,2759.368228154515,True,False,,0.0,3845.3,0.2
E2,ribba,loftr,clahe,0,0,18+12,homography,,,,,,,,0.5,640,3.0,42,85,85,11,4,0.363636,1464.5087248309267,372.64863855940376,10597.649512128,True,False,,0.0,3884.0,8.4
E2,ribba,loftr,sauvola,0,0,18+12,similarity,,,,,,,,0.5,640,3.0,42,1076,1076,493,142,0.288032,1.0206884188716923,0.2597172302471587,1.760784008813671,True,True,,0.0,4211.7,0.3
E2,ribba,loftr,sauvola,0,0,18+12,affine,,,,,,,,0.5,640,3.0,42,1076,1076,493,137,0.27789,2.0663933111836865,0.5257999772106225,3.6028012724303964,True,True,,0.0,4135.8,0.8
E2,ribba,loftr,sauvola,0,0,18+12,homography,,,,,,,,0.5,640,3.0,42,1076,1076,493,136,0.275862,2.455761213343031,0.6248758080187743,5.236097609052634,True,True,,0.0,4127.2,26.8
E2,ribba,loftr,sauvola+close,0,1,18+12,similarity,,,,,,,,0.5,640,3.0,42,1127,1127,506,148,0.29249,1.3529606326491066,0.3442648918594631,2.474860425312544,True,True,,0.0,4146.8,0.4
E2,ribba,loftr,sauvola+close,0,1,18+12,affine,,,,,,,,0.5,640,3.0,42,1127,1127,506,150,0.296443,1.7414507872327651,0.4431173771637388,3.695503554351044,True,True,,0.0,4156.9,0.6
E2,ribba,loftr,sauvola+close,0,1,18+12,homography,,,,,,,,0.5,640,3.0,42,1127,1127,506,150,0.296443,1.8555287443927364,0.47214485559696495,6.157269496084697,True,True,,0.0,4135.0,34.1
E2,vedra,loftr,clahe,0,0,18,similarity,,,,,,,,0.5,640,,42,30,30,3,0,0.0,,,,False,False,"solo 3 corrispondenze, ne servono almeno 4",0.0,3824.3,0.0
E2,vedra,loftr,clahe,0,0,18,affine,,,,,,,,0.5,640,,42,30,30,3,0,0.0,,,,False,False,"solo 3 corrispondenze, ne servono almeno 4",0.0,3875.0,0.0
E2,vedra,loftr,clahe,0,0,18,homography,,,,,,,,0.5,640,,42,30,30,3,0,0.0,,,,False,False,"solo 3 corrispondenze, ne servono almeno 4",0.0,3908.8,0.0
E2,vedra,loftr,sauvola,0,0,18,similarity,,,,,,,,0.5,640,3.0,42,495,495,193,47,0.243523,1.708347486561394,0.43469414299800635,3.04404633643423,True,True,,0.0,3750.2,0.3
E2,vedra,loftr,sauvola,0,0,18,affine,,,,,,,,0.5,640,3.0,42,495,495,193,43,0.222798,3.5051754508635575,0.8919024089985848,8.508985131366149,True,True,,0.0,3765.3,0.6
E2,vedra,loftr,sauvola,0,0,18,homography,,,,,,,,0.5,640,3.0,42,495,495,193,43,0.222798,7.360043282324995,1.8727850933174417,23.621253465931396,True,True,,0.0,3684.9,61.4
E2,vedra,loftr,sauvola+close,0,1,18,similarity,,,,,,,,0.5,640,3.0,42,505,505,205,49,0.239024,1.857955967876042,0.4727624698939625,3.2742293924690027,True,True,,0.0,3758.4,0.3
E2,vedra,loftr,sauvola+close,0,1,18,affine,,,,,,,,0.5,640,3.0,42,505,505,205,53,0.258537,2.3478112437245997,0.5974076143994556,5.481988850788008,True,True,,0.0,3719.2,0.3
E2,vedra,loftr,sauvola+close,0,1,18,homography,,,,,,,,0.5,640,3.0,42,505,505,205,46,0.22439,7.431699877451672,1.8910183289172102,22.64971122648445,True,True,,0.0,3698.2,59.5
E2,vedra,loftr,clahe,0,0,18+12,similarity,,,,,,,,0.5,640,3.0,42,75,75,7,2,0.285714,747.6747527000424,190.2480838487839,1225.7752931421421,True,False,,0.0,3594.0,0.2
E2,vedra,loftr,clahe,0,0,18+12,affine,,,,,,,,0.5,640,3.0,42,75,75,7,3,0.428571,3513.7512955089587,894.084558396141,7284.558325031947,True,False,,0.0,3590.5,0.2
E2,vedra,loftr,clahe,0,0,18+12,homography,,,,,,,,0.5,640,3.0,42,75,75,7,4,0.571429,1211.7587594263716,308.33565161231854,6157.553722159217,True,False,,0.0,3649.9,1.0
E2,vedra,loftr,sauvola,0,0,18+12,similarity,,,,,,,,0.5,640,3.0,42,805,805,365,110,0.30137,0.786969390972556,0.20024672244113978,1.4285233667410497,True,True,,0.0,3848.8,0.2
E2,vedra,loftr,sauvola,0,0,18+12,affine,,,,,,,,0.5,640,3.0,42,805,805,365,94,0.257534,2.5404560223579424,0.6464266562570455,5.985064232720864,True,True,,0.0,3805.5,0.7
E2,vedra,loftr,sauvola,0,0,18+12,homography,,,,,,,,0.5,640,3.0,42,805,805,365,95,0.260274,3.701728267338477,0.9419158628090774,7.374555445204141,True,True,,0.0,3845.0,32.2
E2,vedra,loftr,sauvola+close,0,1,18+12,similarity,,,,,,,,0.5,640,3.0,42,799,799,364,103,0.282967,1.5692216471060731,0.3992931557710816,2.895067600211982,True,True,,0.0,3834.2,0.4
E2,vedra,loftr,sauvola+close,0,1,18+12,affine,,,,,,,,0.5,640,3.0,42,799,799,364,103,0.282967,2.7921516061076925,0.7104713526289207,5.593708353368775,True,True,,0.0,3846.4,0.5
E2,vedra,loftr,sauvola+close,0,1,18+12,homography,,,,,,,,0.5,640,3.0,42,799,799,364,91,0.25,8.192472858813872,2.084599296343766,24.732050468162374,True,False,,0.0,3936.5,37.6
E2,aspera,loftr,clahe,0,0,18,similarity,,,,,,,,0.5,640,3.0,42,49,49,6,2,0.333333,945.6207353400464,240.6160329694808,1752.4456557534397,True,False,,0.0,3593.7,0.1
E2,aspera,loftr,clahe,0,0,18,affine,,,,,,,,0.5,640,3.0,42,49,49,6,3,0.5,7374.780426553861,1876.5350038779095,17720.813727956433,True,False,,0.0,3645.0,0.1
E2,aspera,loftr,clahe,0,0,18,homography,,,,,,,,0.5,640,3.0,42,49,49,6,4,0.666667,1278.0071119359936,325.1927436534494,7576.024620770247,True,False,,0.0,3953.8,0.8
E2,aspera,loftr,sauvola,0,0,18,similarity,,,,,,,,0.5,640,3.0,42,243,243,70,22,0.314286,122.45010297007664,31.15779605104491,212.98702151280426,True,False,,0.0,3924.7,0.2
E2,aspera,loftr,sauvola,0,0,18,affine,,,,,,,,0.5,640,3.0,42,243,243,70,22,0.314286,75.19925243272299,19.134675379263662,140.31697182198437,True,False,,0.0,3886.6,0.2
E2,aspera,loftr,sauvola,0,0,18,homography,,,,,,,,0.5,640,3.0,42,243,243,70,26,0.371429,31291.753250279016,7962.2804897932465,234567.2626427155,True,False,,0.0,3725.6,8.3
E2,aspera,loftr,sauvola+close,0,1,18,similarity,,,,,,,,0.5,640,3.0,42,251,251,77,22,0.285714,52.37487668144497,13.326944496223716,90.98387313076717,True,False,,0.0,3819.1,0.2
E2,aspera,loftr,sauvola+close,0,1,18,affine,,,,,,,,0.5,640,3.0,42,251,251,77,25,0.324675,73.99223837703545,18.8275470317518,143.97315361821327,True,False,,0.0,3714.8,0.3
E2,aspera,loftr,sauvola+close,0,1,18,homography,,,,,,,,0.5,640,3.0,42,251,251,77,27,0.350649,259.15761093872044,65.94343157619022,643.1414813775765,True,False,,0.0,3733.8,11.3
E2,aspera,loftr,clahe,0,0,18+12,similarity,,,,,,,,0.5,640,3.0,42,75,75,6,2,0.333333,1256.9479021963643,319.83416455757146,2245.5212622293657,True,False,,0.0,3736.7,0.1
E2,aspera,loftr,clahe,0,0,18+12,affine,,,,,,,,0.5,640,3.0,42,75,75,6,3,0.5,12755.429395949746,3245.6572760876006,29102.590376277058,True,False,,0.0,3718.2,0.2
E2,aspera,loftr,clahe,0,0,18+12,homography,,,,,,,,0.5,640,3.0,42,75,75,6,4,0.666667,16895.79681916898,4299.186188028004,156809.24789874305,True,False,,0.0,3674.2,0.9
E2,aspera,loftr,sauvola,0,0,18+12,similarity,,,,,,,,0.5,640,3.0,42,276,276,103,27,0.262136,4.382153426282805,1.1150520857779387,7.480602966316721,True,True,,0.0,3687.1,0.2
E2,aspera,loftr,sauvola,0,0,18+12,affine,,,,,,,,0.5,640,3.0,42,276,276,103,36,0.349515,140.21209037331934,35.67738703176222,249.44212589459642,True,False,,0.0,3741.5,0.3
E2,aspera,loftr,sauvola,0,0,18+12,homography,,,,,,,,0.5,640,3.0,42,276,276,103,34,0.330097,155.7929880021917,39.64199317612168,386.19196002461797,True,False,,0.0,3733.9,12.7
E2,aspera,loftr,sauvola+close,0,1,18+12,similarity,,,,,,,,0.5,640,3.0,42,287,287,111,31,0.279279,4.946971029959065,1.258771619486174,8.103697934225787,True,True,,0.0,3759.5,0.2
E2,aspera,loftr,sauvola+close,0,1,18+12,affine,,,,,,,,0.5,640,3.0,42,287,287,111,35,0.315315,36.415152356774975,9.265944762638462,65.34221987230332,True,False,,0.0,3731.7,0.3
E2,aspera,loftr,sauvola+close,0,1,18+12,homography,,,,,,,,0.5,640,3.0,42,287,287,111,33,0.297297,153.8067057573207,39.13657770006753,399.32728728660356,True,False,,0.0,3714.1,20.4
E2-figura,ribba,orb,sauvola,0,0,,similarity,,,,,,,,,,3.0,42,,,739,53,0.071719,1.9021156644603368,0.48399903716892606,2.4921177216485524,True,True,,2.4,991.9,1.8
